[    3145ms] [INFO] %cDownload the React DevTools for a better development experience: https://react.dev/link/react-devtools font-weight:bold @ http://localhost:3000/_next/static/chunks/node_modules_next_dist_115brz8._.js:2477
[    3420ms] [LOG] [HMR] connected @ http://localhost:3000/_next/static/chunks/node_modules_next_dist_115brz8._.js:2477
[    3937ms] [LOG] [Fast Refresh] rebuilding @ http://localhost:3000/_next/static/chunks/node_modules_next_dist_115brz8._.js:2477
[    4618ms] [LOG] [Fast Refresh] done in 798ms @ http://localhost:3000/_next/static/chunks/node_modules_next_dist_115brz8._.js:2477
[    4892ms] [ERROR] Failed to load resource: the server responded with a status of 404 (Not Found) @ http://localhost:3000/svgNavLogo.png:0
[    7985ms] [WARNING] The resource http://localhost:3000/svgNavLogo.svg was preloaded using link preload but not used within a few seconds from the window's load event. Please make sure it has an appropriate `as` value and it is preloaded intentionally. @ http://localhost:3000/contact:0
[   45132ms] [LOG] [Fast Refresh] rebuilding @ http://localhost:3000/_next/static/chunks/node_modules_next_dist_115brz8._.js:2477
[   45388ms] [LOG] [Fast Refresh] done in 367ms @ http://localhost:3000/_next/static/chunks/node_modules_next_dist_115brz8._.js:2477
[   45615ms] [INFO] %cDownload the React DevTools for a better development experience: https://react.dev/link/react-devtools font-weight:bold @ http://localhost:3000/_next/static/chunks/node_modules_next_dist_115brz8._.js:2477
[   45697ms] [LOG] [HMR] connected @ http://localhost:3000/_next/static/chunks/node_modules_next_dist_115brz8._.js:2477
[   45983ms] [LOG] [Fast Refresh] rebuilding @ http://localhost:3000/_next/static/chunks/node_modules_next_dist_115brz8._.js:2477
[   46121ms] [LOG] [Fast Refresh] done in 241ms @ http://localhost:3000/_next/static/chunks/node_modules_next_dist_115brz8._.js:2477
[   48804ms] [WARNING] The resource http://localhost:3000/svgNavLogo.svg was preloaded using link preload but not used within a few seconds from the window's load event. Please make sure it has an appropriate `as` value and it is preloaded intentionally. @ http://localhost:3000/contact:0
[  138377ms] [LOG] [Fast Refresh] rebuilding @ http://localhost:3000/_next/static/chunks/node_modules_next_dist_115brz8._.js:2477
[  138435ms] [LOG] [Fast Refresh] done in 170ms @ http://localhost:3000/_next/static/chunks/node_modules_next_dist_115brz8._.js:2477
[  138846ms] [LOG] [Fast Refresh] rebuilding @ http://localhost:3000/_next/static/chunks/node_modules_next_dist_115brz8._.js:2477
[  138957ms] [LOG] [Fast Refresh] done in 215ms @ http://localhost:3000/_next/static/chunks/node_modules_next_dist_115brz8._.js:2477
[ 4804441ms] [LOG] [Fast Refresh] rebuilding @ http://localhost:3000/_next/static/chunks/node_modules_next_dist_115brz8._.js:2477
[ 4805907ms] [LOG] [Fast Refresh] done in 1540ms @ http://localhost:3000/_next/static/chunks/node_modules_next_dist_115brz8._.js:2477
[ 4808819ms] [LOG] [Fast Refresh] rebuilding @ http://localhost:3000/_next/static/chunks/node_modules_next_dist_115brz8._.js:2477
[ 4809489ms] [LOG] [Fast Refresh] done in 781ms @ http://localhost:3000/_next/static/chunks/node_modules_next_dist_115brz8._.js:2477
[ 4810059ms] [LOG] [Fast Refresh] rebuilding @ http://localhost:3000/_next/static/chunks/node_modules_next_dist_115brz8._.js:2477
[ 4810070ms] [LOG] [Fast Refresh] done in 127ms @ http://localhost:3000/_next/static/chunks/node_modules_next_dist_115brz8._.js:2477
[ 4812129ms] [WARNING] The resource http://localhost:3000/svgNavLogo.svg was preloaded using link preload but not used within a few seconds from the window's load event. Please make sure it has an appropriate `as` value and it is preloaded intentionally. @ http://localhost:3000/contact:0
[ 4822878ms] [LOG] [Fast Refresh] rebuilding @ http://localhost:3000/_next/static/chunks/node_modules_next_dist_115brz8._.js:2477
[ 4823056ms] [LOG] [Fast Refresh] done in 246ms @ http://localhost:3000/_next/static/chunks/node_modules_next_dist_115brz8._.js:2477
[ 4826044ms] [WARNING] The resource http://localhost:3000/svgNavLogo.svg was preloaded using link preload but not used within a few seconds from the window's load event. Please make sure it has an appropriate `as` value and it is preloaded intentionally. @ http://localhost:3000/contact:0
[ 4826765ms] [LOG] [Fast Refresh] rebuilding @ http://localhost:3000/_next/static/chunks/node_modules_next_dist_115brz8._.js:2477
[ 4826942ms] [LOG] [Fast Refresh] done in 244ms @ http://localhost:3000/_next/static/chunks/node_modules_next_dist_115brz8._.js:2477
[ 4829926ms] [WARNING] The resource http://localhost:3000/svgNavLogo.svg was preloaded using link preload but not used within a few seconds from the window's load event. Please make sure it has an appropriate `as` value and it is preloaded intentionally. @ http://localhost:3000/contact:0
[ 4851331ms] [LOG] [Fast Refresh] rebuilding @ http://localhost:3000/_next/static/chunks/node_modules_next_dist_115brz8._.js:2477
[ 4853129ms] [LOG] [Fast Refresh] done in 1834ms @ http://localhost:3000/_next/static/chunks/node_modules_next_dist_115brz8._.js:2477
[ 4856106ms] [WARNING] The resource http://localhost:3000/svgNavLogo.svg was preloaded using link preload but not used within a few seconds from the window's load event. Please make sure it has an appropriate `as` value and it is preloaded intentionally. @ http://localhost:3000/contact:0
[ 4870090ms] [LOG] [Fast Refresh] rebuilding @ http://localhost:3000/_next/static/chunks/node_modules_next_dist_115brz8._.js:2477
[ 4870512ms] [LOG] [Fast Refresh] done in 462ms @ http://localhost:3000/_next/static/chunks/node_modules_next_dist_115brz8._.js:2477
[ 4873520ms] [WARNING] The resource http://localhost:3000/svgNavLogo.svg was preloaded using link preload but not used within a few seconds from the window's load event. Please make sure it has an appropriate `as` value and it is preloaded intentionally. @ http://localhost:3000/contact:0
[ 4878929ms] [LOG] [Fast Refresh] rebuilding @ http://localhost:3000/_next/static/chunks/node_modules_next_dist_115brz8._.js:2477
[ 4879091ms] [LOG] [Fast Refresh] done in 214ms @ http://localhost:3000/_next/static/chunks/node_modules_next_dist_115brz8._.js:2477
[ 4882067ms] [WARNING] The resource http://localhost:3000/svgNavLogo.svg was preloaded using link preload but not used within a few seconds from the window's load event. Please make sure it has an appropriate `as` value and it is preloaded intentionally. @ http://localhost:3000/contact:0
[ 4886504ms] [LOG] [Fast Refresh] rebuilding @ http://localhost:3000/_next/static/chunks/node_modules_next_dist_115brz8._.js:2477
[ 4886616ms] [LOG] [Fast Refresh] done in 207ms @ http://localhost:3000/_next/static/chunks/node_modules_next_dist_115brz8._.js:2477
[ 4889631ms] [WARNING] The resource http://localhost:3000/svgNavLogo.svg was preloaded using link preload but not used within a few seconds from the window's load event. Please make sure it has an appropriate `as` value and it is preloaded intentionally. @ http://localhost:3000/contact:0
[ 4893954ms] [LOG] [Fast Refresh] rebuilding @ http://localhost:3000/_next/static/chunks/node_modules_next_dist_115brz8._.js:2477
[ 4894101ms] [LOG] [Fast Refresh] done in 218ms @ http://localhost:3000/_next/static/chunks/node_modules_next_dist_115brz8._.js:2477
[ 4897094ms] [WARNING] The resource http://localhost:3000/svgNavLogo.svg was preloaded using link preload but not used within a few seconds from the window's load event. Please make sure it has an appropriate `as` value and it is preloaded intentionally. @ http://localhost:3000/contact:0
[ 4906613ms] [LOG] [Fast Refresh] rebuilding @ http://localhost:3000/_next/static/chunks/node_modules_next_dist_115brz8._.js:2477
[ 4906726ms] [LOG] [Fast Refresh] done in 179ms @ http://localhost:3000/_next/static/chunks/node_modules_next_dist_115brz8._.js:2477
[ 4909722ms] [WARNING] The resource http://localhost:3000/svgNavLogo.svg was preloaded using link preload but not used within a few seconds from the window's load event. Please make sure it has an appropriate `as` value and it is preloaded intentionally. @ http://localhost:3000/contact:0
[ 4914074ms] [LOG] [Fast Refresh] rebuilding @ http://localhost:3000/_next/static/chunks/node_modules_next_dist_115brz8._.js:2477
[ 4914277ms] [LOG] [Fast Refresh] done in 289ms @ http://localhost:3000/_next/static/chunks/node_modules_next_dist_115brz8._.js:2477
[ 4917283ms] [WARNING] The resource http://localhost:3000/svgNavLogo.svg was preloaded using link preload but not used within a few seconds from the window's load event. Please make sure it has an appropriate `as` value and it is preloaded intentionally. @ http://localhost:3000/contact:0
[ 4917471ms] [LOG] [Fast Refresh] rebuilding @ http://localhost:3000/_next/static/chunks/node_modules_next_dist_115brz8._.js:2477
[ 4917666ms] [LOG] [Fast Refresh] done in 235ms @ http://localhost:3000/_next/static/chunks/node_modules_next_dist_115brz8._.js:2477
[ 4920624ms] [WARNING] The resource http://localhost:3000/svgNavLogo.svg was preloaded using link preload but not used within a few seconds from the window's load event. Please make sure it has an appropriate `as` value and it is preloaded intentionally. @ http://localhost:3000/contact:0
[ 4926075ms] [LOG] [Fast Refresh] rebuilding @ http://localhost:3000/_next/static/chunks/node_modules_next_dist_115brz8._.js:2477
[ 4926202ms] [LOG] [Fast Refresh] done in 205ms @ http://localhost:3000/_next/static/chunks/node_modules_next_dist_115brz8._.js:2477
[ 4929251ms] [WARNING] The resource http://localhost:3000/svgNavLogo.svg was preloaded using link preload but not used within a few seconds from the window's load event. Please make sure it has an appropriate `as` value and it is preloaded intentionally. @ http://localhost:3000/contact:0
[ 4969080ms] [LOG] [Fast Refresh] rebuilding @ http://localhost:3000/_next/static/chunks/node_modules_next_dist_115brz8._.js:2477
[ 4969189ms] [LOG] [Fast Refresh] done in 190ms @ http://localhost:3000/_next/static/chunks/node_modules_next_dist_115brz8._.js:2477
[ 4972235ms] [WARNING] The resource http://localhost:3000/svgNavLogo.svg was preloaded using link preload but not used within a few seconds from the window's load event. Please make sure it has an appropriate `as` value and it is preloaded intentionally. @ http://localhost:3000/contact:0
[ 5036235ms] [LOG] [Fast Refresh] rebuilding @ http://localhost:3000/_next/static/chunks/node_modules_next_dist_115brz8._.js:2477
[ 5036349ms] [LOG] [Fast Refresh] done in 200ms @ http://localhost:3000/_next/static/chunks/node_modules_next_dist_115brz8._.js:2477
[ 5038830ms] [LOG] [Fast Refresh] rebuilding @ http://localhost:3000/_next/static/chunks/node_modules_next_dist_115brz8._.js:2477
[ 5038960ms] [LOG] [Fast Refresh] done in 205ms @ http://localhost:3000/_next/static/chunks/node_modules_next_dist_115brz8._.js:2477
[ 5041967ms] [WARNING] The resource http://localhost:3000/svgNavLogo.svg was preloaded using link preload but not used within a few seconds from the window's load event. Please make sure it has an appropriate `as` value and it is preloaded intentionally. @ http://localhost:3000/contact:0
[ 5052718ms] [LOG] [Fast Refresh] rebuilding @ http://localhost:3000/_next/static/chunks/node_modules_next_dist_115brz8._.js:2477
[ 5052845ms] [LOG] [Fast Refresh] done in 202ms @ http://localhost:3000/_next/static/chunks/node_modules_next_dist_115brz8._.js:2477
[ 5055860ms] [WARNING] The resource http://localhost:3000/svgNavLogo.svg was preloaded using link preload but not used within a few seconds from the window's load event. Please make sure it has an appropriate `as` value and it is preloaded intentionally. @ http://localhost:3000/contact:0
[ 5064465ms] [LOG] [Fast Refresh] rebuilding @ http://localhost:3000/_next/static/chunks/node_modules_next_dist_115brz8._.js:2477
[ 5064545ms] [LOG] [Fast Refresh] done in 166ms @ http://localhost:3000/_next/static/chunks/node_modules_next_dist_115brz8._.js:2477
[ 5067082ms] [LOG] [Fast Refresh] rebuilding @ http://localhost:3000/_next/static/chunks/node_modules_next_dist_115brz8._.js:2477
[ 5067228ms] [LOG] [Fast Refresh] done in 233ms @ http://localhost:3000/_next/static/chunks/node_modules_next_dist_115brz8._.js:2477
[ 5070242ms] [WARNING] The resource http://localhost:3000/svgNavLogo.svg was preloaded using link preload but not used within a few seconds from the window's load event. Please make sure it has an appropriate `as` value and it is preloaded intentionally. @ http://localhost:3000/contact:0
[ 5072922ms] [LOG] [Fast Refresh] rebuilding @ http://localhost:3000/_next/static/chunks/node_modules_next_dist_115brz8._.js:2477
[ 5073004ms] [LOG] [Fast Refresh] done in 148ms @ http://localhost:3000/_next/static/chunks/node_modules_next_dist_115brz8._.js:2477
[ 5075994ms] [WARNING] The resource http://localhost:3000/svgNavLogo.svg was preloaded using link preload but not used within a few seconds from the window's load event. Please make sure it has an appropriate `as` value and it is preloaded intentionally. @ http://localhost:3000/contact:0
[ 5090153ms] [LOG] [Fast Refresh] rebuilding @ http://localhost:3000/_next/static/chunks/node_modules_next_dist_115brz8._.js:2477
[ 5090275ms] [LOG] [Fast Refresh] done in 184ms @ http://localhost:3000/_next/static/chunks/node_modules_next_dist_115brz8._.js:2477
[ 5093258ms] [WARNING] The resource http://localhost:3000/svgNavLogo.svg was preloaded using link preload but not used within a few seconds from the window's load event. Please make sure it has an appropriate `as` value and it is preloaded intentionally. @ http://localhost:3000/contact:0
[ 5096159ms] [LOG] [Fast Refresh] rebuilding @ http://localhost:3000/_next/static/chunks/node_modules_next_dist_115brz8._.js:2477
[ 5096318ms] [LOG] [Fast Refresh] done in 198ms @ http://localhost:3000/_next/static/chunks/node_modules_next_dist_115brz8._.js:2477
[ 5096458ms] [LOG] [Fast Refresh] rebuilding @ http://localhost:3000/_next/static/chunks/node_modules_next_dist_115brz8._.js:2477
[ 5096481ms] [LOG] [Fast Refresh] done in 133ms @ http://localhost:3000/_next/static/chunks/node_modules_next_dist_115brz8._.js:2477
[ 5099313ms] [WARNING] The resource http://localhost:3000/svgNavLogo.svg was preloaded using link preload but not used within a few seconds from the window's load event. Please make sure it has an appropriate `as` value and it is preloaded intentionally. @ http://localhost:3000/contact:0
[ 5106092ms] [LOG] [Fast Refresh] rebuilding @ http://localhost:3000/_next/static/chunks/node_modules_next_dist_115brz8._.js:2477
[ 5106208ms] [LOG] [Fast Refresh] done in 195ms @ http://localhost:3000/_next/static/chunks/node_modules_next_dist_115brz8._.js:2477
[ 5109207ms] [WARNING] The resource http://localhost:3000/svgNavLogo.svg was preloaded using link preload but not used within a few seconds from the window's load event. Please make sure it has an appropriate `as` value and it is preloaded intentionally. @ http://localhost:3000/contact:0
[ 5111179ms] [LOG] [Fast Refresh] rebuilding @ http://localhost:3000/_next/static/chunks/node_modules_next_dist_115brz8._.js:2477
[ 5111328ms] [LOG] [Fast Refresh] done in 214ms @ http://localhost:3000/_next/static/chunks/node_modules_next_dist_115brz8._.js:2477
[ 5114314ms] [WARNING] The resource http://localhost:3000/svgNavLogo.svg was preloaded using link preload but not used within a few seconds from the window's load event. Please make sure it has an appropriate `as` value and it is preloaded intentionally. @ http://localhost:3000/contact:0
[ 5126578ms] [LOG] [Fast Refresh] rebuilding @ http://localhost:3000/_next/static/chunks/node_modules_next_dist_115brz8._.js:2477
[ 5126707ms] [LOG] [Fast Refresh] done in 190ms @ http://localhost:3000/_next/static/chunks/node_modules_next_dist_115brz8._.js:2477
[ 5129697ms] [WARNING] The resource http://localhost:3000/svgNavLogo.svg was preloaded using link preload but not used within a few seconds from the window's load event. Please make sure it has an appropriate `as` value and it is preloaded intentionally. @ http://localhost:3000/contact:0
[ 5134540ms] [LOG] [Fast Refresh] rebuilding @ http://localhost:3000/_next/static/chunks/node_modules_next_dist_115brz8._.js:2477
[ 5134654ms] [LOG] [Fast Refresh] done in 190ms @ http://localhost:3000/_next/static/chunks/node_modules_next_dist_115brz8._.js:2477
[ 5137670ms] [WARNING] The resource http://localhost:3000/svgNavLogo.svg was preloaded using link preload but not used within a few seconds from the window's load event. Please make sure it has an appropriate `as` value and it is preloaded intentionally. @ http://localhost:3000/contact:0
[ 5141141ms] [LOG] [Fast Refresh] rebuilding @ http://localhost:3000/_next/static/chunks/node_modules_next_dist_115brz8._.js:2477
[ 5141330ms] [LOG] [Fast Refresh] done in 265ms @ http://localhost:3000/_next/static/chunks/node_modules_next_dist_115brz8._.js:2477
[ 5144333ms] [WARNING] The resource http://localhost:3000/svgNavLogo.svg was preloaded using link preload but not used within a few seconds from the window's load event. Please make sure it has an appropriate `as` value and it is preloaded intentionally. @ http://localhost:3000/contact:0
[ 5145853ms] [LOG] [Fast Refresh] rebuilding @ http://localhost:3000/_next/static/chunks/node_modules_next_dist_115brz8._.js:2477
[ 5146007ms] [LOG] [Fast Refresh] done in 209ms @ http://localhost:3000/_next/static/chunks/node_modules_next_dist_115brz8._.js:2477
[ 5148993ms] [WARNING] The resource http://localhost:3000/svgNavLogo.svg was preloaded using link preload but not used within a few seconds from the window's load event. Please make sure it has an appropriate `as` value and it is preloaded intentionally. @ http://localhost:3000/contact:0
[ 5153130ms] [LOG] [Fast Refresh] rebuilding @ http://localhost:3000/_next/static/chunks/node_modules_next_dist_115brz8._.js:2477
[ 5153253ms] [LOG] [Fast Refresh] done in 198ms @ http://localhost:3000/_next/static/chunks/node_modules_next_dist_115brz8._.js:2477
[ 5156242ms] [WARNING] The resource http://localhost:3000/svgNavLogo.svg was preloaded using link preload but not used within a few seconds from the window's load event. Please make sure it has an appropriate `as` value and it is preloaded intentionally. @ http://localhost:3000/contact:0
[ 5168798ms] [LOG] [Fast Refresh] rebuilding @ http://localhost:3000/_next/static/chunks/node_modules_next_dist_115brz8._.js:2477
[ 5168896ms] [LOG] [Fast Refresh] done in 178ms @ http://localhost:3000/_next/static/chunks/node_modules_next_dist_115brz8._.js:2477
[ 5171920ms] [WARNING] The resource http://localhost:3000/svgNavLogo.svg was preloaded using link preload but not used within a few seconds from the window's load event. Please make sure it has an appropriate `as` value and it is preloaded intentionally. @ http://localhost:3000/contact:0
[ 5174958ms] [LOG] [Fast Refresh] rebuilding @ http://localhost:3000/_next/static/chunks/node_modules_next_dist_115brz8._.js:2477
[ 5175047ms] [LOG] [Fast Refresh] done in 187ms @ http://localhost:3000/_next/static/chunks/node_modules_next_dist_115brz8._.js:2477
[ 5178043ms] [WARNING] The resource http://localhost:3000/svgNavLogo.svg was preloaded using link preload but not used within a few seconds from the window's load event. Please make sure it has an appropriate `as` value and it is preloaded intentionally. @ http://localhost:3000/contact:0
[ 5178590ms] [LOG] [Fast Refresh] rebuilding @ http://localhost:3000/_next/static/chunks/node_modules_next_dist_115brz8._.js:2477
[ 5178727ms] [LOG] [Fast Refresh] done in 212ms @ http://localhost:3000/_next/static/chunks/node_modules_next_dist_115brz8._.js:2477
[ 5181710ms] [WARNING] The resource http://localhost:3000/svgNavLogo.svg was preloaded using link preload but not used within a few seconds from the window's load event. Please make sure it has an appropriate `as` value and it is preloaded intentionally. @ http://localhost:3000/contact:0
[ 5182703ms] [LOG] [Fast Refresh] rebuilding @ http://localhost:3000/_next/static/chunks/node_modules_next_dist_115brz8._.js:2477
[ 5182806ms] [LOG] [Fast Refresh] done in 169ms @ http://localhost:3000/_next/static/chunks/node_modules_next_dist_115brz8._.js:2477
[ 5185786ms] [WARNING] The resource http://localhost:3000/svgNavLogo.svg was preloaded using link preload but not used within a few seconds from the window's load event. Please make sure it has an appropriate `as` value and it is preloaded intentionally. @ http://localhost:3000/contact:0
[ 5188634ms] [LOG] [Fast Refresh] rebuilding @ http://localhost:3000/_next/static/chunks/node_modules_next_dist_115brz8._.js:2477
[ 5188751ms] [LOG] [Fast Refresh] done in 173ms @ http://localhost:3000/_next/static/chunks/node_modules_next_dist_115brz8._.js:2477
[ 5191742ms] [WARNING] The resource http://localhost:3000/svgNavLogo.svg was preloaded using link preload but not used within a few seconds from the window's load event. Please make sure it has an appropriate `as` value and it is preloaded intentionally. @ http://localhost:3000/contact:0
[ 5193453ms] [LOG] [Fast Refresh] rebuilding @ http://localhost:3000/_next/static/chunks/node_modules_next_dist_115brz8._.js:2477
[ 5193651ms] [LOG] [Fast Refresh] done in 233ms @ http://localhost:3000/_next/static/chunks/node_modules_next_dist_115brz8._.js:2477
[ 5196618ms] [WARNING] The resource http://localhost:3000/svgNavLogo.svg was preloaded using link preload but not used within a few seconds from the window's load event. Please make sure it has an appropriate `as` value and it is preloaded intentionally. @ http://localhost:3000/contact:0
[ 5196804ms] [LOG] [Fast Refresh] rebuilding @ http://localhost:3000/_next/static/chunks/node_modules_next_dist_115brz8._.js:2477
[ 5196962ms] [LOG] [Fast Refresh] done in 213ms @ http://localhost:3000/_next/static/chunks/node_modules_next_dist_115brz8._.js:2477
[ 5199936ms] [WARNING] The resource http://localhost:3000/svgNavLogo.svg was preloaded using link preload but not used within a few seconds from the window's load event. Please make sure it has an appropriate `as` value and it is preloaded intentionally. @ http://localhost:3000/contact:0
[ 5201308ms] [LOG] [Fast Refresh] rebuilding @ http://localhost:3000/_next/static/chunks/node_modules_next_dist_115brz8._.js:2477
[ 5201455ms] [LOG] [Fast Refresh] done in 201ms @ http://localhost:3000/_next/static/chunks/node_modules_next_dist_115brz8._.js:2477
[ 5204440ms] [WARNING] The resource http://localhost:3000/svgNavLogo.svg was preloaded using link preload but not used within a few seconds from the window's load event. Please make sure it has an appropriate `as` value and it is preloaded intentionally. @ http://localhost:3000/contact:0
[ 5207218ms] [LOG] [Fast Refresh] rebuilding @ http://localhost:3000/_next/static/chunks/node_modules_next_dist_115brz8._.js:2477
[ 5207308ms] [LOG] [Fast Refresh] done in 138ms @ http://localhost:3000/_next/static/chunks/node_modules_next_dist_115brz8._.js:2477
[ 5210292ms] [WARNING] The resource http://localhost:3000/svgNavLogo.svg was preloaded using link preload but not used within a few seconds from the window's load event. Please make sure it has an appropriate `as` value and it is preloaded intentionally. @ http://localhost:3000/contact:0
[ 5211500ms] [LOG] [Fast Refresh] rebuilding @ http://localhost:3000/_next/static/chunks/node_modules_next_dist_115brz8._.js:2477
[ 5211585ms] [LOG] [Fast Refresh] done in 124ms @ http://localhost:3000/_next/static/chunks/node_modules_next_dist_115brz8._.js:2477
[ 5214568ms] [WARNING] The resource http://localhost:3000/svgNavLogo.svg was preloaded using link preload but not used within a few seconds from the window's load event. Please make sure it has an appropriate `as` value and it is preloaded intentionally. @ http://localhost:3000/contact:0
[ 5219545ms] [LOG] [Fast Refresh] rebuilding @ http://localhost:3000/_next/static/chunks/node_modules_next_dist_115brz8._.js:2477
[ 5219623ms] [LOG] [Fast Refresh] done in 143ms @ http://localhost:3000/_next/static/chunks/node_modules_next_dist_115brz8._.js:2477
[ 5222620ms] [WARNING] The resource http://localhost:3000/svgNavLogo.svg was preloaded using link preload but not used within a few seconds from the window's load event. Please make sure it has an appropriate `as` value and it is preloaded intentionally. @ http://localhost:3000/contact:0
[ 5226334ms] [LOG] [Fast Refresh] rebuilding @ http://localhost:3000/_next/static/chunks/node_modules_next_dist_115brz8._.js:2477
[ 5226398ms] [LOG] [Fast Refresh] done in 141ms @ http://localhost:3000/_next/static/chunks/node_modules_next_dist_115brz8._.js:2477
[ 5229412ms] [WARNING] The resource http://localhost:3000/svgNavLogo.svg was preloaded using link preload but not used within a few seconds from the window's load event. Please make sure it has an appropriate `as` value and it is preloaded intentionally. @ http://localhost:3000/contact:0
[ 5233957ms] [LOG] [Fast Refresh] rebuilding @ http://localhost:3000/_next/static/chunks/node_modules_next_dist_115brz8._.js:2477
[ 5234028ms] [LOG] [Fast Refresh] done in 136ms @ http://localhost:3000/_next/static/chunks/node_modules_next_dist_115brz8._.js:2477
[ 5237024ms] [WARNING] The resource http://localhost:3000/svgNavLogo.svg was preloaded using link preload but not used within a few seconds from the window's load event. Please make sure it has an appropriate `as` value and it is preloaded intentionally. @ http://localhost:3000/contact:0
[ 5237495ms] [LOG] [Fast Refresh] rebuilding @ http://localhost:3000/_next/static/chunks/node_modules_next_dist_115brz8._.js:2477
[ 5237596ms] [LOG] [Fast Refresh] done in 159ms @ http://localhost:3000/_next/static/chunks/node_modules_next_dist_115brz8._.js:2477
[ 5240587ms] [WARNING] The resource http://localhost:3000/svgNavLogo.svg was preloaded using link preload but not used within a few seconds from the window's load event. Please make sure it has an appropriate `as` value and it is preloaded intentionally. @ http://localhost:3000/contact:0
[ 5248184ms] [LOG] [Fast Refresh] rebuilding @ http://localhost:3000/_next/static/chunks/node_modules_next_dist_115brz8._.js:2477
[ 5248450ms] [LOG] [Fast Refresh] done in 321ms @ http://localhost:3000/_next/static/chunks/node_modules_next_dist_115brz8._.js:2477
[ 5251437ms] [WARNING] The resource http://localhost:3000/svgNavLogo.svg was preloaded using link preload but not used within a few seconds from the window's load event. Please make sure it has an appropriate `as` value and it is preloaded intentionally. @ http://localhost:3000/contact:0
[ 5253304ms] [LOG] [Fast Refresh] rebuilding @ http://localhost:3000/_next/static/chunks/node_modules_next_dist_115brz8._.js:2477
[ 5253514ms] [LOG] [Fast Refresh] done in 157ms @ http://localhost:3000/_next/static/chunks/node_modules_next_dist_115brz8._.js:2477
[ 5256537ms] [WARNING] The resource http://localhost:3000/svgNavLogo.svg was preloaded using link preload but not used within a few seconds from the window's load event. Please make sure it has an appropriate `as` value and it is preloaded intentionally. @ http://localhost:3000/contact:0
[ 5272927ms] [LOG] [Fast Refresh] rebuilding @ http://localhost:3000/_next/static/chunks/node_modules_next_dist_115brz8._.js:2477
[ 5273133ms] [LOG] [Fast Refresh] done in 265ms @ http://localhost:3000/_next/static/chunks/node_modules_next_dist_115brz8._.js:2477
[ 5276141ms] [WARNING] The resource http://localhost:3000/svgNavLogo.svg was preloaded using link preload but not used within a few seconds from the window's load event. Please make sure it has an appropriate `as` value and it is preloaded intentionally. @ http://localhost:3000/contact:0
[ 5278691ms] [LOG] [Fast Refresh] rebuilding @ http://localhost:3000/_next/static/chunks/node_modules_next_dist_115brz8._.js:2477
[ 5278812ms] [LOG] [Fast Refresh] done in 194ms @ http://localhost:3000/_next/static/chunks/node_modules_next_dist_115brz8._.js:2477
[ 5281825ms] [WARNING] The resource http://localhost:3000/svgNavLogo.svg was preloaded using link preload but not used within a few seconds from the window's load event. Please make sure it has an appropriate `as` value and it is preloaded intentionally. @ http://localhost:3000/contact:0
[ 5285265ms] [LOG] [Fast Refresh] rebuilding @ http://localhost:3000/_next/static/chunks/node_modules_next_dist_115brz8._.js:2477
[ 5285387ms] [LOG] [Fast Refresh] done in 187ms @ http://localhost:3000/_next/static/chunks/node_modules_next_dist_115brz8._.js:2477
[ 5288373ms] [WARNING] The resource http://localhost:3000/svgNavLogo.svg was preloaded using link preload but not used within a few seconds from the window's load event. Please make sure it has an appropriate `as` value and it is preloaded intentionally. @ http://localhost:3000/contact:0
[ 5556847ms] [LOG] [Fast Refresh] rebuilding @ http://localhost:3000/_next/static/chunks/node_modules_next_dist_115brz8._.js:2477
[ 5557374ms] [LOG] [Fast Refresh] done in 643ms @ http://localhost:3000/_next/static/chunks/node_modules_next_dist_115brz8._.js:2477
[ 5560154ms] [WARNING] The resource http://localhost:3000/svgNavLogo.svg was preloaded using link preload but not used within a few seconds from the window's load event. Please make sure it has an appropriate `as` value and it is preloaded intentionally. @ http://localhost:3000/contact:0
[ 5571743ms] [LOG] [Fast Refresh] rebuilding @ http://localhost:3000/_next/static/chunks/node_modules_next_dist_115brz8._.js:2477
[ 5571769ms] [LOG] [Fast Refresh] done in 137ms @ http://localhost:3000/_next/static/chunks/node_modules_next_dist_115brz8._.js:2477
[14258991ms] [LOG] [HMR] connected @ http://localhost:3000/_next/static/chunks/node_modules_next_dist_115brz8._.js:2477
[14266337ms] [LOG] [Fast Refresh] rebuilding @ http://localhost:3000/_next/static/chunks/node_modules_next_dist_115brz8._.js:2477
[14268225ms] [LOG] [Fast Refresh] done in 1998ms @ http://localhost:3000/_next/static/chunks/node_modules_next_dist_115brz8._.js:2477
[14268412ms] [LOG] [Fast Refresh] rebuilding @ http://localhost:3000/_next/static/chunks/node_modules_next_dist_115brz8._.js:2477
[14268492ms] [LOG] [Fast Refresh] done in 199ms @ http://localhost:3000/_next/static/chunks/node_modules_next_dist_115brz8._.js:2477
[14269672ms] [WARNING] The resource http://localhost:3000/svgNavLogo.svg was preloaded using link preload but not used within a few seconds from the window's load event. Please make sure it has an appropriate `as` value and it is preloaded intentionally. @ http://localhost:3000/contact:0
[14308248ms] [ERROR] WebSocket connection to 'ws://localhost:3000/_next/webpack-hmr?id=Y4xYG5jeJggakyGIM-miK' failed: Error in connection establishment: net::ERR_CONNECTION_REFUSED @ http://localhost:3000/_next/static/chunks/node_modules_next_dist_client_0fhqo1d._.js:13322
[14311613ms] [ERROR] WebSocket connection to 'ws://localhost:3000/_next/webpack-hmr?id=Y4xYG5jeJggakyGIM-miK' failed: Error in connection establishment: net::ERR_CONNECTION_REFUSED @ http://localhost:3000/_next/static/chunks/node_modules_next_dist_client_0fhqo1d._.js:13322
[14314986ms] [ERROR] WebSocket connection to 'ws://localhost:3000/_next/webpack-hmr?id=Y4xYG5jeJggakyGIM-miK' failed: Error in connection establishment: net::ERR_CONNECTION_REFUSED @ http://localhost:3000/_next/static/chunks/node_modules_next_dist_client_0fhqo1d._.js:13322
[14318371ms] [ERROR] WebSocket connection to 'ws://localhost:3000/_next/webpack-hmr?id=Y4xYG5jeJggakyGIM-miK' failed: Error in connection establishment: net::ERR_CONNECTION_REFUSED @ http://localhost:3000/_next/static/chunks/node_modules_next_dist_client_0fhqo1d._.js:13322
[14321761ms] [ERROR] WebSocket connection to 'ws://localhost:3000/_next/webpack-hmr?id=Y4xYG5jeJggakyGIM-miK' failed: Error in connection establishment: net::ERR_CONNECTION_REFUSED @ http://localhost:3000/_next/static/chunks/node_modules_next_dist_client_0fhqo1d._.js:13322
[14329136ms] [ERROR] WebSocket connection to 'ws://localhost:3000/_next/webpack-hmr?id=Y4xYG5jeJggakyGIM-miK' failed: Error in connection establishment: net::ERR_CONNECTION_REFUSED @ http://localhost:3000/_next/static/chunks/node_modules_next_dist_client_0fhqo1d._.js:13322
[14336505ms] [ERROR] WebSocket connection to 'ws://localhost:3000/_next/webpack-hmr?id=Y4xYG5jeJggakyGIM-miK' failed: Error in connection establishment: net::ERR_CONNECTION_REFUSED @ http://localhost:3000/_next/static/chunks/node_modules_next_dist_client_0fhqo1d._.js:13322
[14343857ms] [ERROR] WebSocket connection to 'ws://localhost:3000/_next/webpack-hmr?id=Y4xYG5jeJggakyGIM-miK' failed: Error in connection establishment: net::ERR_CONNECTION_REFUSED @ http://localhost:3000/_next/static/chunks/node_modules_next_dist_client_0fhqo1d._.js:13322
[14351212ms] [ERROR] WebSocket connection to 'ws://localhost:3000/_next/webpack-hmr?id=Y4xYG5jeJggakyGIM-miK' failed: Error in connection establishment: net::ERR_CONNECTION_REFUSED @ http://localhost:3000/_next/static/chunks/node_modules_next_dist_client_0fhqo1d._.js:13322
[14358566ms] [ERROR] WebSocket connection to 'ws://localhost:3000/_next/webpack-hmr?id=Y4xYG5jeJggakyGIM-miK' failed: Error in connection establishment: net::ERR_CONNECTION_REFUSED @ http://localhost:3000/_next/static/chunks/node_modules_next_dist_client_0fhqo1d._.js:13322
[14365946ms] [ERROR] WebSocket connection to 'ws://localhost:3000/_next/webpack-hmr?id=Y4xYG5jeJggakyGIM-miK' failed: Error in connection establishment: net::ERR_CONNECTION_REFUSED @ http://localhost:3000/_next/static/chunks/node_modules_next_dist_client_0fhqo1d._.js:13322
[14373322ms] [ERROR] WebSocket connection to 'ws://localhost:3000/_next/webpack-hmr?id=Y4xYG5jeJggakyGIM-miK' failed: Error in connection establishment: net::ERR_CONNECTION_REFUSED @ http://localhost:3000/_next/static/chunks/node_modules_next_dist_client_0fhqo1d._.js:13322
[93302600ms] [ERROR] Failed to load resource: the server responded with a status of 500 (Internal Server Error) @ http://localhost:3000/auth/signin:0
[93302795ms] [ERROR] Failed to load resource: the server responded with a status of 500 (Internal Server Error) @ http://localhost:3000/auth/signin:0
[93302931ms] [ERROR] Failed to load resource: the server responded with a status of 500 (Internal Server Error) @ http://localhost:3000/favicon.ico:0
[93303912ms] [ERROR] Failed to load resource: the server responded with a status of 500 (Internal Server Error) @ http://localhost:3000/auth/signin:0
[93305004ms] [ERROR] Failed to load resource: the server responded with a status of 500 (Internal Server Error) @ http://localhost:3000/auth/signin:0
[93306116ms] [ERROR] Failed to load resource: the server responded with a status of 500 (Internal Server Error) @ http://localhost:3000/auth/signin:0
[93307226ms] [ERROR] Failed to load resource: the server responded with a status of 500 (Internal Server Error) @ http://localhost:3000/auth/signin:0
[93308313ms] [ERROR] Failed to load resource: the server responded with a status of 500 (Internal Server Error) @ http://localhost:3000/auth/signin:0
[93309440ms] [ERROR] Failed to load resource: the server responded with a status of 500 (Internal Server Error) @ http://localhost:3000/auth/signin:0
[93310544ms] [ERROR] Failed to load resource: the server responded with a status of 500 (Internal Server Error) @ http://localhost:3000/auth/signin:0
[93311645ms] [ERROR] Failed to load resource: the server responded with a status of 500 (Internal Server Error) @ http://localhost:3000/auth/signin:0
[93312767ms] [ERROR] Failed to load resource: the server responded with a status of 500 (Internal Server Error) @ http://localhost:3000/auth/signin:0
[93313878ms] [ERROR] Failed to load resource: the server responded with a status of 500 (Internal Server Error) @ http://localhost:3000/auth/signin:0
[93315105ms] [ERROR] Failed to load resource: the server responded with a status of 500 (Internal Server Error) @ http://localhost:3000/auth/signin:0
[93316323ms] [ERROR] Failed to load resource: the server responded with a status of 500 (Internal Server Error) @ http://localhost:3000/auth/signin:0
[93317431ms] [ERROR] Failed to load resource: the server responded with a status of 500 (Internal Server Error) @ http://localhost:3000/auth/signin:0
[93318649ms] [ERROR] Failed to load resource: the server responded with a status of 500 (Internal Server Error) @ http://localhost:3000/auth/signin:0
[93319772ms] [ERROR] Failed to load resource: the server responded with a status of 500 (Internal Server Error) @ http://localhost:3000/auth/signin:0
[93320892ms] [ERROR] Failed to load resource: the server responded with a status of 500 (Internal Server Error) @ http://localhost:3000/auth/signin:0
[93321982ms] [ERROR] Failed to load resource: the server responded with a status of 500 (Internal Server Error) @ http://localhost:3000/auth/signin:0
[93323078ms] [ERROR] Failed to load resource: the server responded with a status of 500 (Internal Server Error) @ http://localhost:3000/auth/signin:0
[93324206ms] [ERROR] Failed to load resource: the server responded with a status of 500 (Internal Server Error) @ http://localhost:3000/auth/signin:0
[93325297ms] [ERROR] Failed to load resource: the server responded with a status of 500 (Internal Server Error) @ http://localhost:3000/auth/signin:0
[93326409ms] [ERROR] Failed to load resource: the server responded with a status of 500 (Internal Server Error) @ http://localhost:3000/auth/signin:0
[93327517ms] [ERROR] Failed to load resource: the server responded with a status of 500 (Internal Server Error) @ http://localhost:3000/auth/signin:0
[93328625ms] [ERROR] Failed to load resource: the server responded with a status of 500 (Internal Server Error) @ http://localhost:3000/auth/signin:0
[93329720ms] [ERROR] Failed to load resource: the server responded with a status of 500 (Internal Server Error) @ http://localhost:3000/auth/signin:0
[93330818ms] [ERROR] Failed to load resource: the server responded with a status of 500 (Internal Server Error) @ http://localhost:3000/auth/signin:0
[93331916ms] [ERROR] Failed to load resource: the server responded with a status of 500 (Internal Server Error) @ http://localhost:3000/auth/signin:0
[93333041ms] [ERROR] Failed to load resource: the server responded with a status of 500 (Internal Server Error) @ http://localhost:3000/auth/signin:0
[93334139ms] [ERROR] Failed to load resource: the server responded with a status of 500 (Internal Server Error) @ http://localhost:3000/auth/signin:0
[93335256ms] [ERROR] Failed to load resource: the server responded with a status of 500 (Internal Server Error) @ http://localhost:3000/auth/signin:0
[93336342ms] [ERROR] Failed to load resource: the server responded with a status of 500 (Internal Server Error) @ http://localhost:3000/auth/signin:0
[93337432ms] [ERROR] Failed to load resource: the server responded with a status of 500 (Internal Server Error) @ http://localhost:3000/auth/signin:0
[93338532ms] [ERROR] Failed to load resource: the server responded with a status of 500 (Internal Server Error) @ http://localhost:3000/auth/signin:0
[93339624ms] [ERROR] Failed to load resource: the server responded with a status of 500 (Internal Server Error) @ http://localhost:3000/auth/signin:0
[93340706ms] [ERROR] Failed to load resource: the server responded with a status of 500 (Internal Server Error) @ http://localhost:3000/auth/signin:0
[93341808ms] [ERROR] Failed to load resource: the server responded with a status of 500 (Internal Server Error) @ http://localhost:3000/auth/signin:0
[93342909ms] [ERROR] Failed to load resource: the server responded with a status of 500 (Internal Server Error) @ http://localhost:3000/auth/signin:0
[93344018ms] [ERROR] Failed to load resource: the server responded with a status of 500 (Internal Server Error) @ http://localhost:3000/auth/signin:0
[93345180ms] [ERROR] Failed to load resource: the server responded with a status of 500 (Internal Server Error) @ http://localhost:3000/auth/signin:0
[93346268ms] [ERROR] Failed to load resource: the server responded with a status of 500 (Internal Server Error) @ http://localhost:3000/auth/signin:0
[93347377ms] [ERROR] Failed to load resource: the server responded with a status of 500 (Internal Server Error) @ http://localhost:3000/auth/signin:0
[93348701ms] [ERROR] Failed to load resource: the server responded with a status of 500 (Internal Server Error) @ http://localhost:3000/auth/signin:0
[93349817ms] [ERROR] Failed to load resource: the server responded with a status of 500 (Internal Server Error) @ http://localhost:3000/auth/signin:0
[93350984ms] [ERROR] Failed to load resource: the server responded with a status of 500 (Internal Server Error) @ http://localhost:3000/auth/signin:0
[93352156ms] [ERROR] Failed to load resource: the server responded with a status of 500 (Internal Server Error) @ http://localhost:3000/auth/signin:0
[93353327ms] [ERROR] Failed to load resource: the server responded with a status of 500 (Internal Server Error) @ http://localhost:3000/auth/signin:0
[93354473ms] [ERROR] Failed to load resource: the server responded with a status of 500 (Internal Server Error) @ http://localhost:3000/auth/signin:0
[93355598ms] [ERROR] Failed to load resource: the server responded with a status of 500 (Internal Server Error) @ http://localhost:3000/auth/signin:0
[93356744ms] [ERROR] Failed to load resource: the server responded with a status of 500 (Internal Server Error) @ http://localhost:3000/auth/signin:0
[93357915ms] [ERROR] Failed to load resource: the server responded with a status of 500 (Internal Server Error) @ http://localhost:3000/auth/signin:0
[93359011ms] [ERROR] Failed to load resource: the server responded with a status of 500 (Internal Server Error) @ http://localhost:3000/auth/signin:0
[93360117ms] [ERROR] Failed to load resource: the server responded with a status of 500 (Internal Server Error) @ http://localhost:3000/auth/signin:0
[93361219ms] [ERROR] Failed to load resource: the server responded with a status of 500 (Internal Server Error) @ http://localhost:3000/auth/signin:0
[93362299ms] [ERROR] Failed to load resource: the server responded with a status of 500 (Internal Server Error) @ http://localhost:3000/auth/signin:0
[93363403ms] [ERROR] Failed to load resource: the server responded with a status of 500 (Internal Server Error) @ http://localhost:3000/auth/signin:0
[93364500ms] [ERROR] Failed to load resource: the server responded with a status of 500 (Internal Server Error) @ http://localhost:3000/auth/signin:0
[93365588ms] [ERROR] Failed to load resource: the server responded with a status of 500 (Internal Server Error) @ http://localhost:3000/auth/signin:0
[93366671ms] [ERROR] Failed to load resource: the server responded with a status of 500 (Internal Server Error) @ http://localhost:3000/auth/signin:0
[93367805ms] [ERROR] Failed to load resource: the server responded with a status of 500 (Internal Server Error) @ http://localhost:3000/auth/signin:0
[93368917ms] [ERROR] Failed to load resource: the server responded with a status of 500 (Internal Server Error) @ http://localhost:3000/auth/signin:0
[93370030ms] [ERROR] Failed to load resource: the server responded with a status of 500 (Internal Server Error) @ http://localhost:3000/auth/signin:0
[93371123ms] [ERROR] Failed to load resource: the server responded with a status of 500 (Internal Server Error) @ http://localhost:3000/auth/signin:0
[93372220ms] [ERROR] Failed to load resource: the server responded with a status of 500 (Internal Server Error) @ http://localhost:3000/auth/signin:0
[93373307ms] [ERROR] Failed to load resource: the server responded with a status of 500 (Internal Server Error) @ http://localhost:3000/auth/signin:0
[93374387ms] [ERROR] Failed to load resource: the server responded with a status of 500 (Internal Server Error) @ http://localhost:3000/auth/signin:0
[93375492ms] [ERROR] Failed to load resource: the server responded with a status of 500 (Internal Server Error) @ http://localhost:3000/auth/signin:0
[93376573ms] [ERROR] Failed to load resource: the server responded with a status of 500 (Internal Server Error) @ http://localhost:3000/auth/signin:0
[93377664ms] [ERROR] Failed to load resource: the server responded with a status of 500 (Internal Server Error) @ http://localhost:3000/auth/signin:0
[93378753ms] [ERROR] Failed to load resource: the server responded with a status of 500 (Internal Server Error) @ http://localhost:3000/auth/signin:0
[93379840ms] [ERROR] Failed to load resource: the server responded with a status of 500 (Internal Server Error) @ http://localhost:3000/auth/signin:0
[93380925ms] [ERROR] Failed to load resource: the server responded with a status of 500 (Internal Server Error) @ http://localhost:3000/auth/signin:0
[93382006ms] [ERROR] Failed to load resource: the server responded with a status of 500 (Internal Server Error) @ http://localhost:3000/auth/signin:0
[93383091ms] [ERROR] Failed to load resource: the server responded with a status of 500 (Internal Server Error) @ http://localhost:3000/auth/signin:0
[93384162ms] [ERROR] Failed to load resource: the server responded with a status of 500 (Internal Server Error) @ http://localhost:3000/auth/signin:0
[93385260ms] [ERROR] Failed to load resource: the server responded with a status of 500 (Internal Server Error) @ http://localhost:3000/auth/signin:0
[93386372ms] [ERROR] Failed to load resource: the server responded with a status of 500 (Internal Server Error) @ http://localhost:3000/auth/signin:0
[93387506ms] [ERROR] Failed to load resource: the server responded with a status of 500 (Internal Server Error) @ http://localhost:3000/auth/signin:0
[93388618ms] [ERROR] Failed to load resource: the server responded with a status of 500 (Internal Server Error) @ http://localhost:3000/auth/signin:0
[93389720ms] [ERROR] Failed to load resource: the server responded with a status of 500 (Internal Server Error) @ http://localhost:3000/auth/signin:0
[93390817ms] [ERROR] Failed to load resource: the server responded with a status of 500 (Internal Server Error) @ http://localhost:3000/auth/signin:0
[93391895ms] [ERROR] Failed to load resource: the server responded with a status of 500 (Internal Server Error) @ http://localhost:3000/auth/signin:0
[93392971ms] [ERROR] Failed to load resource: the server responded with a status of 500 (Internal Server Error) @ http://localhost:3000/auth/signin:0
[93394062ms] [ERROR] Failed to load resource: the server responded with a status of 500 (Internal Server Error) @ http://localhost:3000/auth/signin:0
[93395148ms] [ERROR] Failed to load resource: the server responded with a status of 500 (Internal Server Error) @ http://localhost:3000/auth/signin:0
[93396333ms] [ERROR] Failed to load resource: the server responded with a status of 500 (Internal Server Error) @ http://localhost:3000/auth/signin:0
[93397592ms] [ERROR] Failed to load resource: the server responded with a status of 500 (Internal Server Error) @ http://localhost:3000/auth/signin:0
[93398960ms] [ERROR] Failed to load resource: the server responded with a status of 500 (Internal Server Error) @ http://localhost:3000/auth/signin:0
[93400109ms] [ERROR] Failed to load resource: the server responded with a status of 500 (Internal Server Error) @ http://localhost:3000/auth/signin:0
[93401194ms] [ERROR] Failed to load resource: the server responded with a status of 500 (Internal Server Error) @ http://localhost:3000/auth/signin:0
[93402288ms] [ERROR] Failed to load resource: the server responded with a status of 500 (Internal Server Error) @ http://localhost:3000/auth/signin:0
[93403399ms] [ERROR] Failed to load resource: the server responded with a status of 500 (Internal Server Error) @ http://localhost:3000/auth/signin:0
[93404486ms] [ERROR] Failed to load resource: the server responded with a status of 500 (Internal Server Error) @ http://localhost:3000/auth/signin:0
[93405570ms] [ERROR] Failed to load resource: the server responded with a status of 500 (Internal Server Error) @ http://localhost:3000/auth/signin:0
[93406652ms] [ERROR] Failed to load resource: the server responded with a status of 500 (Internal Server Error) @ http://localhost:3000/auth/signin:0
[93407779ms] [ERROR] Failed to load resource: the server responded with a status of 500 (Internal Server Error) @ http://localhost:3000/auth/signin:0
[93408864ms] [ERROR] Failed to load resource: the server responded with a status of 500 (Internal Server Error) @ http://localhost:3000/auth/signin:0
[93410125ms] [ERROR] Failed to load resource: the server responded with a status of 500 (Internal Server Error) @ http://localhost:3000/auth/signin:0
[93411303ms] [ERROR] Failed to load resource: the server responded with a status of 500 (Internal Server Error) @ http://localhost:3000/auth/signin:0
[93412439ms] [ERROR] Failed to load resource: the server responded with a status of 500 (Internal Server Error) @ http://localhost:3000/auth/signin:0
[93413544ms] [ERROR] Failed to load resource: the server responded with a status of 500 (Internal Server Error) @ http://localhost:3000/auth/signin:0
[93414642ms] [ERROR] Failed to load resource: the server responded with a status of 500 (Internal Server Error) @ http://localhost:3000/auth/signin:0
[93415730ms] [ERROR] Failed to load resource: the server responded with a status of 500 (Internal Server Error) @ http://localhost:3000/auth/signin:0
[93416838ms] [ERROR] Failed to load resource: the server responded with a status of 500 (Internal Server Error) @ http://localhost:3000/auth/signin:0
[93417952ms] [ERROR] Failed to load resource: the server responded with a status of 500 (Internal Server Error) @ http://localhost:3000/auth/signin:0
[93419059ms] [ERROR] Failed to load resource: the server responded with a status of 500 (Internal Server Error) @ http://localhost:3000/auth/signin:0
[93420142ms] [ERROR] Failed to load resource: the server responded with a status of 500 (Internal Server Error) @ http://localhost:3000/auth/signin:0
[93421257ms] [ERROR] Failed to load resource: the server responded with a status of 500 (Internal Server Error) @ http://localhost:3000/auth/signin:0
[93422398ms] [ERROR] Failed to load resource: the server responded with a status of 500 (Internal Server Error) @ http://localhost:3000/auth/signin:0
[93423551ms] [ERROR] Failed to load resource: the server responded with a status of 500 (Internal Server Error) @ http://localhost:3000/auth/signin:0
[93424667ms] [ERROR] Failed to load resource: the server responded with a status of 500 (Internal Server Error) @ http://localhost:3000/auth/signin:0
[93425764ms] [ERROR] Failed to load resource: the server responded with a status of 500 (Internal Server Error) @ http://localhost:3000/auth/signin:0
[93426895ms] [ERROR] Failed to load resource: the server responded with a status of 500 (Internal Server Error) @ http://localhost:3000/auth/signin:0
[93428012ms] [ERROR] Failed to load resource: the server responded with a status of 500 (Internal Server Error) @ http://localhost:3000/auth/signin:0
[93429121ms] [ERROR] Failed to load resource: the server responded with a status of 500 (Internal Server Error) @ http://localhost:3000/auth/signin:0
[93430216ms] [ERROR] Failed to load resource: the server responded with a status of 500 (Internal Server Error) @ http://localhost:3000/auth/signin:0
[93431309ms] [ERROR] Failed to load resource: the server responded with a status of 500 (Internal Server Error) @ http://localhost:3000/auth/signin:0
[93432412ms] [ERROR] Failed to load resource: the server responded with a status of 500 (Internal Server Error) @ http://localhost:3000/auth/signin:0
[93433507ms] [ERROR] Failed to load resource: the server responded with a status of 500 (Internal Server Error) @ http://localhost:3000/auth/signin:0
[93434588ms] [ERROR] Failed to load resource: the server responded with a status of 500 (Internal Server Error) @ http://localhost:3000/auth/signin:0
[93435668ms] [ERROR] Failed to load resource: the server responded with a status of 500 (Internal Server Error) @ http://localhost:3000/auth/signin:0
[93436773ms] [ERROR] Failed to load resource: the server responded with a status of 500 (Internal Server Error) @ http://localhost:3000/auth/signin:0
[93437873ms] [ERROR] Failed to load resource: the server responded with a status of 500 (Internal Server Error) @ http://localhost:3000/auth/signin:0
[93438954ms] [ERROR] Failed to load resource: the server responded with a status of 500 (Internal Server Error) @ http://localhost:3000/auth/signin:0
[93440047ms] [ERROR] Failed to load resource: the server responded with a status of 500 (Internal Server Error) @ http://localhost:3000/auth/signin:0
[93441170ms] [ERROR] Failed to load resource: the server responded with a status of 500 (Internal Server Error) @ http://localhost:3000/auth/signin:0
[93442264ms] [ERROR] Failed to load resource: the server responded with a status of 500 (Internal Server Error) @ http://localhost:3000/auth/signin:0
[93443378ms] [ERROR] Failed to load resource: the server responded with a status of 500 (Internal Server Error) @ http://localhost:3000/auth/signin:0
[93444463ms] [ERROR] Failed to load resource: the server responded with a status of 500 (Internal Server Error) @ http://localhost:3000/auth/signin:0
[93445550ms] [ERROR] Failed to load resource: the server responded with a status of 500 (Internal Server Error) @ http://localhost:3000/auth/signin:0
[93446728ms] [ERROR] Failed to load resource: the server responded with a status of 500 (Internal Server Error) @ http://localhost:3000/auth/signin:0
[93447934ms] [ERROR] Failed to load resource: the server responded with a status of 500 (Internal Server Error) @ http://localhost:3000/auth/signin:0
[93449138ms] [ERROR] Failed to load resource: the server responded with a status of 500 (Internal Server Error) @ http://localhost:3000/auth/signin:0
[93450291ms] [ERROR] Failed to load resource: the server responded with a status of 500 (Internal Server Error) @ http://localhost:3000/auth/signin:0
[93451373ms] [ERROR] Failed to load resource: the server responded with a status of 500 (Internal Server Error) @ http://localhost:3000/auth/signin:0
[93452443ms] [ERROR] Failed to load resource: the server responded with a status of 500 (Internal Server Error) @ http://localhost:3000/auth/signin:0
[93453506ms] [ERROR] Failed to load resource: the server responded with a status of 500 (Internal Server Error) @ http://localhost:3000/auth/signin:0
[93454577ms] [ERROR] Failed to load resource: the server responded with a status of 500 (Internal Server Error) @ http://localhost:3000/auth/signin:0
[93455651ms] [ERROR] Failed to load resource: the server responded with a status of 500 (Internal Server Error) @ http://localhost:3000/auth/signin:0
[93456722ms] [ERROR] Failed to load resource: the server responded with a status of 500 (Internal Server Error) @ http://localhost:3000/auth/signin:0
[93457809ms] [ERROR] Failed to load resource: the server responded with a status of 500 (Internal Server Error) @ http://localhost:3000/auth/signin:0
[93458896ms] [ERROR] Failed to load resource: the server responded with a status of 500 (Internal Server Error) @ http://localhost:3000/auth/signin:0
[93459984ms] [ERROR] Failed to load resource: the server responded with a status of 500 (Internal Server Error) @ http://localhost:3000/auth/signin:0
[93461051ms] [ERROR] Failed to load resource: the server responded with a status of 500 (Internal Server Error) @ http://localhost:3000/auth/signin:0
[93462122ms] [ERROR] Failed to load resource: the server responded with a status of 500 (Internal Server Error) @ http://localhost:3000/auth/signin:0
[93463191ms] [ERROR] Failed to load resource: the server responded with a status of 500 (Internal Server Error) @ http://localhost:3000/auth/signin:0
[93464298ms] [ERROR] Failed to load resource: the server responded with a status of 500 (Internal Server Error) @ http://localhost:3000/auth/signin:0
[93465367ms] [ERROR] Failed to load resource: the server responded with a status of 500 (Internal Server Error) @ http://localhost:3000/auth/signin:0
[93466441ms] [ERROR] Failed to load resource: the server responded with a status of 500 (Internal Server Error) @ http://localhost:3000/auth/signin:0
[93467589ms] [ERROR] Failed to load resource: the server responded with a status of 500 (Internal Server Error) @ http://localhost:3000/auth/signin:0
[93468679ms] [ERROR] Failed to load resource: the server responded with a status of 500 (Internal Server Error) @ http://localhost:3000/auth/signin:0
[93469750ms] [ERROR] Failed to load resource: the server responded with a status of 500 (Internal Server Error) @ http://localhost:3000/auth/signin:0
[93470822ms] [ERROR] Failed to load resource: the server responded with a status of 500 (Internal Server Error) @ http://localhost:3000/auth/signin:0
[93471886ms] [ERROR] Failed to load resource: the server responded with a status of 500 (Internal Server Error) @ http://localhost:3000/auth/signin:0
[93472948ms] [ERROR] Failed to load resource: the server responded with a status of 500 (Internal Server Error) @ http://localhost:3000/auth/signin:0
[93474033ms] [ERROR] Failed to load resource: the server responded with a status of 500 (Internal Server Error) @ http://localhost:3000/auth/signin:0
[93475137ms] [ERROR] Failed to load resource: the server responded with a status of 500 (Internal Server Error) @ http://localhost:3000/auth/signin:0
[93476240ms] [ERROR] Failed to load resource: the server responded with a status of 500 (Internal Server Error) @ http://localhost:3000/auth/signin:0
[93477546ms] [ERROR] Failed to load resource: the server responded with a status of 500 (Internal Server Error) @ http://localhost:3000/auth/signin:0
[93478708ms] [ERROR] Failed to load resource: the server responded with a status of 500 (Internal Server Error) @ http://localhost:3000/auth/signin:0
[93479792ms] [ERROR] Failed to load resource: the server responded with a status of 500 (Internal Server Error) @ http://localhost:3000/auth/signin:0
[93480870ms] [ERROR] Failed to load resource: the server responded with a status of 500 (Internal Server Error) @ http://localhost:3000/auth/signin:0
[93482001ms] [ERROR] Failed to load resource: the server responded with a status of 500 (Internal Server Error) @ http://localhost:3000/auth/signin:0
[93483089ms] [ERROR] Failed to load resource: the server responded with a status of 500 (Internal Server Error) @ http://localhost:3000/auth/signin:0
[93484219ms] [ERROR] Failed to load resource: the server responded with a status of 500 (Internal Server Error) @ http://localhost:3000/auth/signin:0
[93485283ms] [ERROR] Failed to load resource: the server responded with a status of 500 (Internal Server Error) @ http://localhost:3000/auth/signin:0
[93486357ms] [ERROR] Failed to load resource: the server responded with a status of 500 (Internal Server Error) @ http://localhost:3000/auth/signin:0
[93487428ms] [ERROR] Failed to load resource: the server responded with a status of 500 (Internal Server Error) @ http://localhost:3000/auth/signin:0
[93488486ms] [ERROR] Failed to load resource: the server responded with a status of 500 (Internal Server Error) @ http://localhost:3000/auth/signin:0
[93489572ms] [ERROR] Failed to load resource: the server responded with a status of 500 (Internal Server Error) @ http://localhost:3000/auth/signin:0
[93490650ms] [ERROR] Failed to load resource: the server responded with a status of 500 (Internal Server Error) @ http://localhost:3000/auth/signin:0
[93491740ms] [ERROR] Failed to load resource: the server responded with a status of 500 (Internal Server Error) @ http://localhost:3000/auth/signin:0
[93492827ms] [ERROR] Failed to load resource: the server responded with a status of 500 (Internal Server Error) @ http://localhost:3000/auth/signin:0
[93493913ms] [ERROR] Failed to load resource: the server responded with a status of 500 (Internal Server Error) @ http://localhost:3000/auth/signin:0
[93495009ms] [ERROR] Failed to load resource: the server responded with a status of 500 (Internal Server Error) @ http://localhost:3000/auth/signin:0
[93496096ms] [ERROR] Failed to load resource: the server responded with a status of 500 (Internal Server Error) @ http://localhost:3000/auth/signin:0
[93497184ms] [ERROR] Failed to load resource: the server responded with a status of 500 (Internal Server Error) @ http://localhost:3000/auth/signin:0
[93498257ms] [ERROR] Failed to load resource: the server responded with a status of 500 (Internal Server Error) @ http://localhost:3000/auth/signin:0
[93499349ms] [ERROR] Failed to load resource: the server responded with a status of 500 (Internal Server Error) @ http://localhost:3000/auth/signin:0
[93500453ms] [ERROR] Failed to load resource: the server responded with a status of 500 (Internal Server Error) @ http://localhost:3000/auth/signin:0
[93501584ms] [ERROR] Failed to load resource: the server responded with a status of 500 (Internal Server Error) @ http://localhost:3000/auth/signin:0
[93502680ms] [ERROR] Failed to load resource: the server responded with a status of 500 (Internal Server Error) @ http://localhost:3000/auth/signin:0
[93503839ms] [ERROR] Failed to load resource: the server responded with a status of 500 (Internal Server Error) @ http://localhost:3000/auth/signin:0
[93504945ms] [ERROR] Failed to load resource: the server responded with a status of 500 (Internal Server Error) @ http://localhost:3000/auth/signin:0
[93506045ms] [ERROR] Failed to load resource: the server responded with a status of 500 (Internal Server Error) @ http://localhost:3000/auth/signin:0
[93507142ms] [ERROR] Failed to load resource: the server responded with a status of 500 (Internal Server Error) @ http://localhost:3000/auth/signin:0
[93508314ms] [ERROR] Failed to load resource: the server responded with a status of 500 (Internal Server Error) @ http://localhost:3000/auth/signin:0
[93509436ms] [ERROR] Failed to load resource: the server responded with a status of 500 (Internal Server Error) @ http://localhost:3000/auth/signin:0
[93510553ms] [ERROR] Failed to load resource: the server responded with a status of 500 (Internal Server Error) @ http://localhost:3000/auth/signin:0
[93511699ms] [ERROR] Failed to load resource: the server responded with a status of 500 (Internal Server Error) @ http://localhost:3000/auth/signin:0
[93512817ms] [ERROR] Failed to load resource: the server responded with a status of 500 (Internal Server Error) @ http://localhost:3000/auth/signin:0
[93513949ms] [ERROR] Failed to load resource: the server responded with a status of 500 (Internal Server Error) @ http://localhost:3000/auth/signin:0
[93517844ms] [INFO] %cDownload the React DevTools for a better development experience: https://react.dev/link/react-devtools font-weight:bold @ http://localhost:3000/_next/static/chunks/node_modules_next_dist_compiled_react-dom_1f56dc._.js:13948
[93518067ms] [WARNING] Image with src "/EllipseBg.svg" has legacy prop "layout". Did you forget to run the codemod?
Read more: https://nextjs.org/docs/messages/next-image-upgrade-to-13 @ http://localhost:3000/_next/static/chunks/node_modules_next_dist_4bb10e._.js:638
[93518137ms] [LOG] [VERBOSE] Idle timer set for 5 minutes  @ http://localhost:3000/_next/static/chunks/src_88339d._.js:424
[93518181ms] [WARNING] [WARN] Image with src "http://localhost:3000/logos/gil_logo.svg" has either width or height modified, but not the other. If you use CSS to change the size of your image, also include the styles 'width: "auto"' or 'height: "auto"' to maintain the aspect ratio.  @ http://localhost:3000/_next/static/chunks/src_88339d._.js:453
[93518234ms] [LOG] [VERBOSE] [Fast Refresh] rebuilding  @ http://localhost:3000/_next/static/chunks/src_88339d._.js:424
[93518678ms] [LOG] [VERBOSE] [Fast Refresh] rebuilding  @ http://localhost:3000/_next/static/chunks/src_88339d._.js:424
[93520300ms] [ERROR] Failed to load resource: the server responded with a status of 500 (Internal Server Error) @ http://localhost:3000/auth/signin:0
[93520301ms] [LOG] [VERBOSE] [Fast Refresh] rebuilding  @ http://localhost:3000/_next/static/chunks/src_88339d._.js:424
[93520302ms] [LOG] [VERBOSE] [Fast Refresh] rebuilding  @ http://localhost:3000/_next/static/chunks/src_88339d._.js:424
[93520306ms] [LOG] [VERBOSE] [Fast Refresh] rebuilding  @ http://localhost:3000/_next/static/chunks/src_88339d._.js:424
[93520307ms] [LOG] [VERBOSE] [Fast Refresh] rebuilding  @ http://localhost:3000/_next/static/chunks/src_88339d._.js:424
[93520309ms] [LOG] [VERBOSE] [Fast Refresh] rebuilding  @ http://localhost:3000/_next/static/chunks/src_88339d._.js:424
[93520309ms] [LOG] [VERBOSE] [Fast Refresh] rebuilding  @ http://localhost:3000/_next/static/chunks/src_88339d._.js:424
[93528379ms] [LOG] [VERBOSE] [Fast Refresh] rebuilding  @ http://localhost:3000/_next/static/chunks/src_88339d._.js:424
[93528443ms] [LOG] [VERBOSE] [Fast Refresh] rebuilding  @ http://localhost:3000/_next/static/chunks/src_88339d._.js:424
[93548154ms] [LOG] [VERBOSE] [Fast Refresh] rebuilding  @ http://localhost:3000/_next/static/chunks/src_88339d._.js:424
[93548239ms] [LOG] [VERBOSE] [Fast Refresh] rebuilding  @ http://localhost:3000/_next/static/chunks/src_88339d._.js:424
[93548364ms] [LOG] [VERBOSE] [Fast Refresh] rebuilding  @ http://localhost:3000/_next/static/chunks/src_88339d._.js:424
[93548874ms] [ERROR] Failed to load resource: the server responded with a status of 500 (Internal Server Error) @ http://localhost:3000/auth/signin:0
[93548876ms] [LOG] [VERBOSE] [Fast Refresh] rebuilding  @ http://localhost:3000/_next/static/chunks/src_88339d._.js:424
[93548879ms] [LOG] [VERBOSE] [Fast Refresh] rebuilding  @ http://localhost:3000/_next/static/chunks/src_88339d._.js:424
[93549678ms] [LOG] [VERBOSE] [Fast Refresh] rebuilding  @ http://localhost:3000/_next/static/chunks/src_88339d._.js:424
[93549717ms] [LOG] [VERBOSE] [Fast Refresh] rebuilding  @ http://localhost:3000/_next/static/chunks/src_88339d._.js:424
[93549825ms] [LOG] [VERBOSE] [Fast Refresh] rebuilding  @ http://localhost:3000/_next/static/chunks/src_88339d._.js:424
[93558380ms] [LOG] [VERBOSE] [Fast Refresh] rebuilding  @ http://localhost:3000/_next/static/chunks/src_88339d._.js:424
[93558454ms] [LOG] [VERBOSE] [Fast Refresh] rebuilding  @ http://localhost:3000/_next/static/chunks/src_88339d._.js:424
[93578164ms] [LOG] [VERBOSE] [Fast Refresh] rebuilding  @ http://localhost:3000/_next/static/chunks/src_88339d._.js:424
[93578271ms] [LOG] [VERBOSE] [Fast Refresh] rebuilding  @ http://localhost:3000/_next/static/chunks/src_88339d._.js:424
[93578973ms] [ERROR] Failed to load resource: the server responded with a status of 500 (Internal Server Error) @ http://localhost:3000/auth/signin:0
[93578976ms] [LOG] [VERBOSE] [Fast Refresh] rebuilding  @ http://localhost:3000/_next/static/chunks/src_88339d._.js:424
[93578978ms] [LOG] [VERBOSE] [Fast Refresh] rebuilding  @ http://localhost:3000/_next/static/chunks/src_88339d._.js:424
[93579685ms] [LOG] [VERBOSE] [Fast Refresh] rebuilding  @ http://localhost:3000/_next/static/chunks/src_88339d._.js:424
[93579803ms] [LOG] [VERBOSE] [Fast Refresh] rebuilding  @ http://localhost:3000/_next/static/chunks/src_88339d._.js:424
[93588375ms] [LOG] [VERBOSE] [Fast Refresh] rebuilding  @ http://localhost:3000/_next/static/chunks/src_88339d._.js:424
[93588431ms] [LOG] [VERBOSE] [Fast Refresh] rebuilding  @ http://localhost:3000/_next/static/chunks/src_88339d._.js:424
[93608160ms] [LOG] [VERBOSE] [Fast Refresh] rebuilding  @ http://localhost:3000/_next/static/chunks/src_88339d._.js:424
[93608269ms] [LOG] [VERBOSE] [Fast Refresh] rebuilding  @ http://localhost:3000/_next/static/chunks/src_88339d._.js:424
[93608357ms] [LOG] [VERBOSE] [Fast Refresh] rebuilding  @ http://localhost:3000/_next/static/chunks/src_88339d._.js:424
[93608397ms] [LOG] [VERBOSE] [Fast Refresh] rebuilding  @ http://localhost:3000/_next/static/chunks/src_88339d._.js:424
[93609010ms] [ERROR] Failed to load resource: the server responded with a status of 500 (Internal Server Error) @ http://localhost:3000/auth/signin:0
[93609011ms] [LOG] [VERBOSE] [Fast Refresh] rebuilding  @ http://localhost:3000/_next/static/chunks/src_88339d._.js:424
[93609012ms] [LOG] [VERBOSE] [Fast Refresh] rebuilding  @ http://localhost:3000/_next/static/chunks/src_88339d._.js:424
[93609742ms] [LOG] [VERBOSE] [Fast Refresh] rebuilding  @ http://localhost:3000/_next/static/chunks/src_88339d._.js:424
[93609835ms] [LOG] [VERBOSE] [Fast Refresh] rebuilding  @ http://localhost:3000/_next/static/chunks/src_88339d._.js:424
[93618376ms] [LOG] [VERBOSE] [Fast Refresh] rebuilding  @ http://localhost:3000/_next/static/chunks/src_88339d._.js:424
[93618424ms] [LOG] [VERBOSE] [Fast Refresh] rebuilding  @ http://localhost:3000/_next/static/chunks/src_88339d._.js:424
[93638172ms] [LOG] [VERBOSE] [Fast Refresh] rebuilding  @ http://localhost:3000/_next/static/chunks/src_88339d._.js:424
[93638264ms] [LOG] [VERBOSE] [Fast Refresh] rebuilding  @ http://localhost:3000/_next/static/chunks/src_88339d._.js:424
[93638358ms] [LOG] [VERBOSE] [Fast Refresh] rebuilding  @ http://localhost:3000/_next/static/chunks/src_88339d._.js:424
[93638926ms] [ERROR] Failed to load resource: the server responded with a status of 500 (Internal Server Error) @ http://localhost:3000/auth/signin:0
[93638927ms] [LOG] [VERBOSE] [Fast Refresh] rebuilding  @ http://localhost:3000/_next/static/chunks/src_88339d._.js:424
[93638929ms] [LOG] [VERBOSE] [Fast Refresh] rebuilding  @ http://localhost:3000/_next/static/chunks/src_88339d._.js:424
[93639717ms] [LOG] [VERBOSE] [Fast Refresh] rebuilding  @ http://localhost:3000/_next/static/chunks/src_88339d._.js:424
[93639779ms] [LOG] [VERBOSE] [Fast Refresh] rebuilding  @ http://localhost:3000/_next/static/chunks/src_88339d._.js:424
[93648381ms] [LOG] [VERBOSE] [Fast Refresh] rebuilding  @ http://localhost:3000/_next/static/chunks/src_88339d._.js:424
[93648431ms] [LOG] [VERBOSE] [Fast Refresh] rebuilding  @ http://localhost:3000/_next/static/chunks/src_88339d._.js:424
[93668166ms] [LOG] [VERBOSE] [Fast Refresh] rebuilding  @ http://localhost:3000/_next/static/chunks/src_88339d._.js:424
[93668250ms] [LOG] [VERBOSE] [Fast Refresh] rebuilding  @ http://localhost:3000/_next/static/chunks/src_88339d._.js:424
[93668379ms] [LOG] [VERBOSE] [Fast Refresh] rebuilding  @ http://localhost:3000/_next/static/chunks/src_88339d._.js:424
[93668947ms] [ERROR] Failed to load resource: the server responded with a status of 500 (Internal Server Error) @ http://localhost:3000/auth/signin:0
[93668952ms] [LOG] [VERBOSE] [Fast Refresh] rebuilding  @ http://localhost:3000/_next/static/chunks/src_88339d._.js:424
[93668952ms] [LOG] [VERBOSE] [Fast Refresh] rebuilding  @ http://localhost:3000/_next/static/chunks/src_88339d._.js:424
[93669710ms] [LOG] [VERBOSE] [Fast Refresh] rebuilding  @ http://localhost:3000/_next/static/chunks/src_88339d._.js:424
[93669806ms] [LOG] [VERBOSE] [Fast Refresh] rebuilding  @ http://localhost:3000/_next/static/chunks/src_88339d._.js:424
[93678380ms] [LOG] [VERBOSE] [Fast Refresh] rebuilding  @ http://localhost:3000/_next/static/chunks/src_88339d._.js:424
[93678423ms] [LOG] [VERBOSE] [Fast Refresh] rebuilding  @ http://localhost:3000/_next/static/chunks/src_88339d._.js:424
[93698162ms] [LOG] [VERBOSE] [Fast Refresh] rebuilding  @ http://localhost:3000/_next/static/chunks/src_88339d._.js:424
[93698260ms] [LOG] [VERBOSE] [Fast Refresh] rebuilding  @ http://localhost:3000/_next/static/chunks/src_88339d._.js:424
[93698400ms] [LOG] [VERBOSE] [Fast Refresh] rebuilding  @ http://localhost:3000/_next/static/chunks/src_88339d._.js:424
[93699018ms] [ERROR] Failed to load resource: the server responded with a status of 500 (Internal Server Error) @ http://localhost:3000/auth/signin:0
[93699022ms] [LOG] [VERBOSE] [Fast Refresh] rebuilding  @ http://localhost:3000/_next/static/chunks/src_88339d._.js:424
[93699023ms] [LOG] [VERBOSE] [Fast Refresh] rebuilding  @ http://localhost:3000/_next/static/chunks/src_88339d._.js:424
[93699671ms] [LOG] [VERBOSE] [Fast Refresh] rebuilding  @ http://localhost:3000/_next/static/chunks/src_88339d._.js:424
[93699804ms] [LOG] [VERBOSE] [Fast Refresh] rebuilding  @ http://localhost:3000/_next/static/chunks/src_88339d._.js:424
[93708375ms] [LOG] [VERBOSE] [Fast Refresh] rebuilding  @ http://localhost:3000/_next/static/chunks/src_88339d._.js:424
[93728160ms] [LOG] [VERBOSE] [Fast Refresh] rebuilding  @ http://localhost:3000/_next/static/chunks/src_88339d._.js:424
[93728250ms] [LOG] [VERBOSE] [Fast Refresh] rebuilding  @ http://localhost:3000/_next/static/chunks/src_88339d._.js:424
[93728360ms] [LOG] [VERBOSE] [Fast Refresh] rebuilding  @ http://localhost:3000/_next/static/chunks/src_88339d._.js:424
[93728991ms] [ERROR] Failed to load resource: the server responded with a status of 500 (Internal Server Error) @ http://localhost:3000/auth/signin:0
[93728991ms] [LOG] [VERBOSE] [Fast Refresh] rebuilding  @ http://localhost:3000/_next/static/chunks/src_88339d._.js:424
[93728992ms] [LOG] [VERBOSE] [Fast Refresh] rebuilding  @ http://localhost:3000/_next/static/chunks/src_88339d._.js:424
[93729689ms] [LOG] [VERBOSE] [Fast Refresh] rebuilding  @ http://localhost:3000/_next/static/chunks/src_88339d._.js:424
[93729767ms] [LOG] [VERBOSE] [Fast Refresh] rebuilding  @ http://localhost:3000/_next/static/chunks/src_88339d._.js:424
[93738389ms] [LOG] [VERBOSE] [Fast Refresh] rebuilding  @ http://localhost:3000/_next/static/chunks/src_88339d._.js:424
[93738456ms] [LOG] [VERBOSE] [Fast Refresh] rebuilding  @ http://localhost:3000/_next/static/chunks/src_88339d._.js:424
[93758162ms] [LOG] [VERBOSE] [Fast Refresh] rebuilding  @ http://localhost:3000/_next/static/chunks/src_88339d._.js:424
[93758275ms] [LOG] [VERBOSE] [Fast Refresh] rebuilding  @ http://localhost:3000/_next/static/chunks/src_88339d._.js:424
[93758355ms] [LOG] [VERBOSE] [Fast Refresh] rebuilding  @ http://localhost:3000/_next/static/chunks/src_88339d._.js:424
[93758404ms] [LOG] [VERBOSE] [Fast Refresh] rebuilding  @ http://localhost:3000/_next/static/chunks/src_88339d._.js:424
[93759064ms] [ERROR] Failed to load resource: the server responded with a status of 500 (Internal Server Error) @ http://localhost:3000/auth/signin:0
[93759066ms] [LOG] [VERBOSE] [Fast Refresh] rebuilding  @ http://localhost:3000/_next/static/chunks/src_88339d._.js:424
[93759066ms] [LOG] [VERBOSE] [Fast Refresh] rebuilding  @ http://localhost:3000/_next/static/chunks/src_88339d._.js:424
[93759706ms] [LOG] [VERBOSE] [Fast Refresh] rebuilding  @ http://localhost:3000/_next/static/chunks/src_88339d._.js:424
[93759754ms] [LOG] [VERBOSE] [Fast Refresh] rebuilding  @ http://localhost:3000/_next/static/chunks/src_88339d._.js:424
[93759831ms] [LOG] [VERBOSE] [Fast Refresh] rebuilding  @ http://localhost:3000/_next/static/chunks/src_88339d._.js:424
[93768378ms] [LOG] [VERBOSE] [Fast Refresh] rebuilding  @ http://localhost:3000/_next/static/chunks/src_88339d._.js:424
[93788168ms] [LOG] [VERBOSE] [Fast Refresh] rebuilding  @ http://localhost:3000/_next/static/chunks/src_88339d._.js:424
[93788279ms] [LOG] [VERBOSE] [Fast Refresh] rebuilding  @ http://localhost:3000/_next/static/chunks/src_88339d._.js:424
[93788408ms] [LOG] [VERBOSE] [Fast Refresh] rebuilding  @ http://localhost:3000/_next/static/chunks/src_88339d._.js:424
[93788980ms] [ERROR] Failed to load resource: the server responded with a status of 500 (Internal Server Error) @ http://localhost:3000/auth/signin:0
[93788982ms] [LOG] [VERBOSE] [Fast Refresh] rebuilding  @ http://localhost:3000/_next/static/chunks/src_88339d._.js:424
[93788983ms] [LOG] [VERBOSE] [Fast Refresh] rebuilding  @ http://localhost:3000/_next/static/chunks/src_88339d._.js:424
[93789717ms] [LOG] [VERBOSE] [Fast Refresh] rebuilding  @ http://localhost:3000/_next/static/chunks/src_88339d._.js:424
[93789796ms] [LOG] [VERBOSE] [Fast Refresh] rebuilding  @ http://localhost:3000/_next/static/chunks/src_88339d._.js:424
[93798378ms] [LOG] [VERBOSE] [Fast Refresh] rebuilding  @ http://localhost:3000/_next/static/chunks/src_88339d._.js:424
[93798429ms] [LOG] [VERBOSE] [Fast Refresh] rebuilding  @ http://localhost:3000/_next/static/chunks/src_88339d._.js:424
[93818179ms] [LOG] [VERBOSE] [Fast Refresh] rebuilding  @ http://localhost:3000/_next/static/chunks/src_88339d._.js:424
[93818333ms] [LOG] [VERBOSE] [Fast Refresh] rebuilding  @ http://localhost:3000/_next/static/chunks/src_88339d._.js:424
[93818408ms] [LOG] [VERBOSE] [Fast Refresh] rebuilding  @ http://localhost:3000/_next/static/chunks/src_88339d._.js:424
[93819159ms] [ERROR] Failed to load resource: the server responded with a status of 500 (Internal Server Error) @ http://localhost:3000/auth/signin:0
[93819161ms] [LOG] [VERBOSE] [Fast Refresh] rebuilding  @ http://localhost:3000/_next/static/chunks/src_88339d._.js:424
[93819163ms] [LOG] [VERBOSE] [Fast Refresh] rebuilding  @ http://localhost:3000/_next/static/chunks/src_88339d._.js:424
[93819601ms] [INFO] %cDownload the React DevTools for a better development experience: https://react.dev/link/react-devtools font-weight:bold @ http://localhost:3000/_next/static/chunks/node_modules_next_dist_compiled_react-dom_1f56dc._.js:13948
[93819670ms] [WARNING] Image with src "/EllipseBg.svg" has legacy prop "layout". Did you forget to run the codemod?
Read more: https://nextjs.org/docs/messages/next-image-upgrade-to-13 @ http://localhost:3000/_next/static/chunks/node_modules_next_dist_4bb10e._.js:638
[93819698ms] [LOG] [VERBOSE] Idle timer set for 5 minutes  @ http://localhost:3000/_next/static/chunks/src_88339d._.js:424
[93819714ms] [WARNING] [WARN] Image with src "http://localhost:3000/logos/gil_logo.svg" has either width or height modified, but not the other. If you use CSS to change the size of your image, also include the styles 'width: "auto"' or 'height: "auto"' to maintain the aspect ratio.  @ http://localhost:3000/_next/static/chunks/src_88339d._.js:453
[93819798ms] [LOG] [VERBOSE] [Fast Refresh] rebuilding  @ http://localhost:3000/_next/static/chunks/src_88339d._.js:424
[93820099ms] [LOG] [VERBOSE] [Fast Refresh] rebuilding  @ http://localhost:3000/_next/static/chunks/src_88339d._.js:424
[93820211ms] [LOG] [VERBOSE] [Fast Refresh] rebuilding  @ http://localhost:3000/_next/static/chunks/src_88339d._.js:424
[93820261ms] [LOG] [VERBOSE] [Fast Refresh] rebuilding  @ http://localhost:3000/_next/static/chunks/src_88339d._.js:424
[93821461ms] [ERROR] Failed to load resource: the server responded with a status of 500 (Internal Server Error) @ http://localhost:3000/auth/signin:0
[93821464ms] [LOG] [VERBOSE] [Fast Refresh] rebuilding  @ http://localhost:3000/_next/static/chunks/src_88339d._.js:424
[93821468ms] [LOG] [VERBOSE] [Fast Refresh] rebuilding  @ http://localhost:3000/_next/static/chunks/src_88339d._.js:424
[93821827ms] [LOG] [VERBOSE] [Fast Refresh] rebuilding  @ http://localhost:3000/_next/static/chunks/src_88339d._.js:424
[93821878ms] [LOG] [VERBOSE] [Fast Refresh] rebuilding  @ http://localhost:3000/_next/static/chunks/src_88339d._.js:424
[93821937ms] [LOG] [VERBOSE] [Fast Refresh] rebuilding  @ http://localhost:3000/_next/static/chunks/src_88339d._.js:424
[93821984ms] [LOG] [VERBOSE] [Fast Refresh] rebuilding  @ http://localhost:3000/_next/static/chunks/src_88339d._.js:424
[93828378ms] [LOG] [VERBOSE] [Fast Refresh] rebuilding  @ http://localhost:3000/_next/static/chunks/src_88339d._.js:424
[93828419ms] [LOG] [VERBOSE] [Fast Refresh] rebuilding  @ http://localhost:3000/_next/static/chunks/src_88339d._.js:424
[93849729ms] [LOG] [VERBOSE] [Fast Refresh] rebuilding  @ http://localhost:3000/_next/static/chunks/src_88339d._.js:424
[93849838ms] [LOG] [VERBOSE] [Fast Refresh] rebuilding  @ http://localhost:3000/_next/static/chunks/src_88339d._.js:424
[93849906ms] [LOG] [VERBOSE] [Fast Refresh] rebuilding  @ http://localhost:3000/_next/static/chunks/src_88339d._.js:424
[93850509ms] [ERROR] Failed to load resource: the server responded with a status of 500 (Internal Server Error) @ http://localhost:3000/auth/signin:0
[93850513ms] [LOG] [VERBOSE] [Fast Refresh] rebuilding  @ http://localhost:3000/_next/static/chunks/src_88339d._.js:424
[93850515ms] [LOG] [VERBOSE] [Fast Refresh] rebuilding  @ http://localhost:3000/_next/static/chunks/src_88339d._.js:424
[93851806ms] [LOG] [VERBOSE] [Fast Refresh] rebuilding  @ http://localhost:3000/_next/static/chunks/src_88339d._.js:424
[93851871ms] [LOG] [VERBOSE] [Fast Refresh] rebuilding  @ http://localhost:3000/_next/static/chunks/src_88339d._.js:424
[93858374ms] [LOG] [VERBOSE] [Fast Refresh] rebuilding  @ http://localhost:3000/_next/static/chunks/src_88339d._.js:424
[93858423ms] [LOG] [VERBOSE] [Fast Refresh] rebuilding  @ http://localhost:3000/_next/static/chunks/src_88339d._.js:424
[93879724ms] [LOG] [VERBOSE] [Fast Refresh] rebuilding  @ http://localhost:3000/_next/static/chunks/src_88339d._.js:424
[93879839ms] [LOG] [VERBOSE] [Fast Refresh] rebuilding  @ http://localhost:3000/_next/static/chunks/src_88339d._.js:424
[93879918ms] [LOG] [VERBOSE] [Fast Refresh] rebuilding  @ http://localhost:3000/_next/static/chunks/src_88339d._.js:424
[93880556ms] [ERROR] Failed to load resource: the server responded with a status of 500 (Internal Server Error) @ http://localhost:3000/auth/signin:0
[93880560ms] [LOG] [VERBOSE] [Fast Refresh] rebuilding  @ http://localhost:3000/_next/static/chunks/src_88339d._.js:424
[93880561ms] [LOG] [VERBOSE] [Fast Refresh] rebuilding  @ http://localhost:3000/_next/static/chunks/src_88339d._.js:424
[93881798ms] [LOG] [VERBOSE] [Fast Refresh] rebuilding  @ http://localhost:3000/_next/static/chunks/src_88339d._.js:424
[93881890ms] [LOG] [VERBOSE] [Fast Refresh] rebuilding  @ http://localhost:3000/_next/static/chunks/src_88339d._.js:424
[93888380ms] [LOG] [VERBOSE] [Fast Refresh] rebuilding  @ http://localhost:3000/_next/static/chunks/src_88339d._.js:424
[93888420ms] [LOG] [VERBOSE] [Fast Refresh] rebuilding  @ http://localhost:3000/_next/static/chunks/src_88339d._.js:424
[93909729ms] [LOG] [VERBOSE] [Fast Refresh] rebuilding  @ http://localhost:3000/_next/static/chunks/src_88339d._.js:424
[93909841ms] [LOG] [VERBOSE] [Fast Refresh] rebuilding  @ http://localhost:3000/_next/static/chunks/src_88339d._.js:424
[93909955ms] [LOG] [VERBOSE] [Fast Refresh] rebuilding  @ http://localhost:3000/_next/static/chunks/src_88339d._.js:424
[93910571ms] [ERROR] Failed to load resource: the server responded with a status of 500 (Internal Server Error) @ http://localhost:3000/auth/signin:0
[93910575ms] [LOG] [VERBOSE] [Fast Refresh] rebuilding  @ http://localhost:3000/_next/static/chunks/src_88339d._.js:424
[93910576ms] [LOG] [VERBOSE] [Fast Refresh] rebuilding  @ http://localhost:3000/_next/static/chunks/src_88339d._.js:424
[93911834ms] [LOG] [VERBOSE] [Fast Refresh] rebuilding  @ http://localhost:3000/_next/static/chunks/src_88339d._.js:424
[93911907ms] [LOG] [VERBOSE] [Fast Refresh] rebuilding  @ http://localhost:3000/_next/static/chunks/src_88339d._.js:424
[93918375ms] [LOG] [VERBOSE] [Fast Refresh] rebuilding  @ http://localhost:3000/_next/static/chunks/src_88339d._.js:424
[93918422ms] [LOG] [VERBOSE] [Fast Refresh] rebuilding  @ http://localhost:3000/_next/static/chunks/src_88339d._.js:424
[93939722ms] [LOG] [VERBOSE] [Fast Refresh] rebuilding  @ http://localhost:3000/_next/static/chunks/src_88339d._.js:424
[93939782ms] [LOG] [VERBOSE] [Fast Refresh] rebuilding  @ http://localhost:3000/_next/static/chunks/src_88339d._.js:424
[93939834ms] [LOG] [VERBOSE] [Fast Refresh] rebuilding  @ http://localhost:3000/_next/static/chunks/src_88339d._.js:424
[93940578ms] [ERROR] Failed to load resource: the server responded with a status of 500 (Internal Server Error) @ http://localhost:3000/auth/signin:0
[93940579ms] [LOG] [VERBOSE] [Fast Refresh] rebuilding  @ http://localhost:3000/_next/static/chunks/src_88339d._.js:424
[93940580ms] [LOG] [VERBOSE] [Fast Refresh] rebuilding  @ http://localhost:3000/_next/static/chunks/src_88339d._.js:424
[93940581ms] [LOG] [VERBOSE] [Fast Refresh] rebuilding  @ http://localhost:3000/_next/static/chunks/src_88339d._.js:424
[93941795ms] [LOG] [VERBOSE] [Fast Refresh] rebuilding  @ http://localhost:3000/_next/static/chunks/src_88339d._.js:424
[93941841ms] [LOG] [VERBOSE] [Fast Refresh] rebuilding  @ http://localhost:3000/_next/static/chunks/src_88339d._.js:424
[93948384ms] [LOG] [VERBOSE] [Fast Refresh] rebuilding  @ http://localhost:3000/_next/static/chunks/src_88339d._.js:424
[93948436ms] [LOG] [VERBOSE] [Fast Refresh] rebuilding  @ http://localhost:3000/_next/static/chunks/src_88339d._.js:424
[93969734ms] [LOG] [VERBOSE] [Fast Refresh] rebuilding  @ http://localhost:3000/_next/static/chunks/src_88339d._.js:424
[93969844ms] [LOG] [VERBOSE] [Fast Refresh] rebuilding  @ http://localhost:3000/_next/static/chunks/src_88339d._.js:424
[93969921ms] [LOG] [VERBOSE] [Fast Refresh] rebuilding  @ http://localhost:3000/_next/static/chunks/src_88339d._.js:424
[93970577ms] [ERROR] Failed to load resource: the server responded with a status of 500 (Internal Server Error) @ http://localhost:3000/auth/signin:0
[93970577ms] [LOG] [VERBOSE] [Fast Refresh] rebuilding  @ http://localhost:3000/_next/static/chunks/src_88339d._.js:424
[93970578ms] [LOG] [VERBOSE] [Fast Refresh] rebuilding  @ http://localhost:3000/_next/static/chunks/src_88339d._.js:424
[93971815ms] [LOG] [VERBOSE] [Fast Refresh] rebuilding  @ http://localhost:3000/_next/static/chunks/src_88339d._.js:424
[93971894ms] [LOG] [VERBOSE] [Fast Refresh] rebuilding  @ http://localhost:3000/_next/static/chunks/src_88339d._.js:424
[93978385ms] [LOG] [VERBOSE] [Fast Refresh] rebuilding  @ http://localhost:3000/_next/static/chunks/src_88339d._.js:424
[93978445ms] [LOG] [VERBOSE] [Fast Refresh] rebuilding  @ http://localhost:3000/_next/static/chunks/src_88339d._.js:424
[93999730ms] [LOG] [VERBOSE] [Fast Refresh] rebuilding  @ http://localhost:3000/_next/static/chunks/src_88339d._.js:424
[93999843ms] [LOG] [VERBOSE] [Fast Refresh] rebuilding  @ http://localhost:3000/_next/static/chunks/src_88339d._.js:424
[93999934ms] [LOG] [VERBOSE] [Fast Refresh] rebuilding  @ http://localhost:3000/_next/static/chunks/src_88339d._.js:424
[94000636ms] [ERROR] Failed to load resource: the server responded with a status of 500 (Internal Server Error) @ http://localhost:3000/auth/signin:0
[94000636ms] [LOG] [VERBOSE] [Fast Refresh] rebuilding  @ http://localhost:3000/_next/static/chunks/src_88339d._.js:424
[94000637ms] [LOG] [VERBOSE] [Fast Refresh] rebuilding  @ http://localhost:3000/_next/static/chunks/src_88339d._.js:424
[94001797ms] [LOG] [VERBOSE] [Fast Refresh] rebuilding  @ http://localhost:3000/_next/static/chunks/src_88339d._.js:424
[94001857ms] [LOG] [VERBOSE] [Fast Refresh] rebuilding  @ http://localhost:3000/_next/static/chunks/src_88339d._.js:424
[94008379ms] [LOG] [VERBOSE] [Fast Refresh] rebuilding  @ http://localhost:3000/_next/static/chunks/src_88339d._.js:424
[94008426ms] [LOG] [VERBOSE] [Fast Refresh] rebuilding  @ http://localhost:3000/_next/static/chunks/src_88339d._.js:424
[94029727ms] [LOG] [VERBOSE] [Fast Refresh] rebuilding  @ http://localhost:3000/_next/static/chunks/src_88339d._.js:424
[94029802ms] [LOG] [VERBOSE] [Fast Refresh] rebuilding  @ http://localhost:3000/_next/static/chunks/src_88339d._.js:424
[94029855ms] [LOG] [VERBOSE] [Fast Refresh] rebuilding  @ http://localhost:3000/_next/static/chunks/src_88339d._.js:424
[94029981ms] [LOG] [VERBOSE] [Fast Refresh] rebuilding  @ http://localhost:3000/_next/static/chunks/src_88339d._.js:424
[94030625ms] [ERROR] Failed to load resource: the server responded with a status of 500 (Internal Server Error) @ http://localhost:3000/auth/signin:0
[94030628ms] [LOG] [VERBOSE] [Fast Refresh] rebuilding  @ http://localhost:3000/_next/static/chunks/src_88339d._.js:424
[94030629ms] [LOG] [VERBOSE] [Fast Refresh] rebuilding  @ http://localhost:3000/_next/static/chunks/src_88339d._.js:424
[94031788ms] [LOG] [VERBOSE] [Fast Refresh] rebuilding  @ http://localhost:3000/_next/static/chunks/src_88339d._.js:424
[94031897ms] [LOG] [VERBOSE] [Fast Refresh] rebuilding  @ http://localhost:3000/_next/static/chunks/src_88339d._.js:424
[94038388ms] [LOG] [VERBOSE] [Fast Refresh] rebuilding  @ http://localhost:3000/_next/static/chunks/src_88339d._.js:424
[94038441ms] [LOG] [VERBOSE] [Fast Refresh] rebuilding  @ http://localhost:3000/_next/static/chunks/src_88339d._.js:424
[94059722ms] [LOG] [VERBOSE] [Fast Refresh] rebuilding  @ http://localhost:3000/_next/static/chunks/src_88339d._.js:424
[94059824ms] [LOG] [VERBOSE] [Fast Refresh] rebuilding  @ http://localhost:3000/_next/static/chunks/src_88339d._.js:424
[94059940ms] [LOG] [VERBOSE] [Fast Refresh] rebuilding  @ http://localhost:3000/_next/static/chunks/src_88339d._.js:424
[94060572ms] [ERROR] Failed to load resource: the server responded with a status of 500 (Internal Server Error) @ http://localhost:3000/auth/signin:0
[94060576ms] [LOG] [VERBOSE] [Fast Refresh] rebuilding  @ http://localhost:3000/_next/static/chunks/src_88339d._.js:424
[94060577ms] [LOG] [VERBOSE] [Fast Refresh] rebuilding  @ http://localhost:3000/_next/static/chunks/src_88339d._.js:424
[94061748ms] [LOG] [VERBOSE] [Fast Refresh] rebuilding  @ http://localhost:3000/_next/static/chunks/src_88339d._.js:424
[94061783ms] [LOG] [VERBOSE] [Fast Refresh] rebuilding  @ http://localhost:3000/_next/static/chunks/src_88339d._.js:424
[94061879ms] [LOG] [VERBOSE] [Fast Refresh] rebuilding  @ http://localhost:3000/_next/static/chunks/src_88339d._.js:424
[94068374ms] [LOG] [VERBOSE] [Fast Refresh] rebuilding  @ http://localhost:3000/_next/static/chunks/src_88339d._.js:424
[94068419ms] [LOG] [VERBOSE] [Fast Refresh] rebuilding  @ http://localhost:3000/_next/static/chunks/src_88339d._.js:424
[94089726ms] [LOG] [VERBOSE] [Fast Refresh] rebuilding  @ http://localhost:3000/_next/static/chunks/src_88339d._.js:424
[94089842ms] [LOG] [VERBOSE] [Fast Refresh] rebuilding  @ http://localhost:3000/_next/static/chunks/src_88339d._.js:424
[94089921ms] [LOG] [VERBOSE] [Fast Refresh] rebuilding  @ http://localhost:3000/_next/static/chunks/src_88339d._.js:424
[94090642ms] [ERROR] Failed to load resource: the server responded with a status of 500 (Internal Server Error) @ http://localhost:3000/auth/signin:0
[94090643ms] [LOG] [VERBOSE] [Fast Refresh] rebuilding  @ http://localhost:3000/_next/static/chunks/src_88339d._.js:424
[94090644ms] [LOG] [VERBOSE] [Fast Refresh] rebuilding  @ http://localhost:3000/_next/static/chunks/src_88339d._.js:424
[94091764ms] [LOG] [VERBOSE] [Fast Refresh] rebuilding  @ http://localhost:3000/_next/static/chunks/src_88339d._.js:424
[94091815ms] [LOG] [VERBOSE] [Fast Refresh] rebuilding  @ http://localhost:3000/_next/static/chunks/src_88339d._.js:424
[94091893ms] [LOG] [VERBOSE] [Fast Refresh] rebuilding  @ http://localhost:3000/_next/static/chunks/src_88339d._.js:424
[94098378ms] [LOG] [VERBOSE] [Fast Refresh] rebuilding  @ http://localhost:3000/_next/static/chunks/src_88339d._.js:424
[94119755ms] [LOG] [VERBOSE] [Fast Refresh] rebuilding  @ http://localhost:3000/_next/static/chunks/src_88339d._.js:424
[94119947ms] [LOG] [VERBOSE] [Fast Refresh] rebuilding  @ http://localhost:3000/_next/static/chunks/src_88339d._.js:424
[94120085ms] [LOG] [VERBOSE] [Fast Refresh] rebuilding  @ http://localhost:3000/_next/static/chunks/src_88339d._.js:424
[94120305ms] [LOG] [VERBOSE] [Fast Refresh] rebuilding  @ http://localhost:3000/_next/static/chunks/src_88339d._.js:424
[94120934ms] [ERROR] Failed to load resource: the server responded with a status of 500 (Internal Server Error) @ http://localhost:3000/auth/signin:0
[94120936ms] [LOG] [VERBOSE] [Fast Refresh] rebuilding  @ http://localhost:3000/_next/static/chunks/src_88339d._.js:424
[94120936ms] [LOG] [VERBOSE] [Fast Refresh] rebuilding  @ http://localhost:3000/_next/static/chunks/src_88339d._.js:424
[94120936ms] [LOG] [VERBOSE] [Fast Refresh] rebuilding  @ http://localhost:3000/_next/static/chunks/src_88339d._.js:424
[94121359ms] [INFO] %cDownload the React DevTools for a better development experience: https://react.dev/link/react-devtools font-weight:bold @ http://localhost:3000/_next/static/chunks/node_modules_next_dist_compiled_react-dom_1f56dc._.js:13948
[94121413ms] [WARNING] Image with src "/EllipseBg.svg" has legacy prop "layout". Did you forget to run the codemod?
Read more: https://nextjs.org/docs/messages/next-image-upgrade-to-13 @ http://localhost:3000/_next/static/chunks/node_modules_next_dist_4bb10e._.js:638
[94121432ms] [LOG] [VERBOSE] Idle timer set for 5 minutes  @ http://localhost:3000/_next/static/chunks/src_88339d._.js:424
[94121451ms] [WARNING] [WARN] Image with src "http://localhost:3000/logos/gil_logo.svg" has either width or height modified, but not the other. If you use CSS to change the size of your image, also include the styles 'width: "auto"' or 'height: "auto"' to maintain the aspect ratio.  @ http://localhost:3000/_next/static/chunks/src_88339d._.js:453
[94121499ms] [LOG] [VERBOSE] [Fast Refresh] rebuilding  @ http://localhost:3000/_next/static/chunks/src_88339d._.js:424
[94121784ms] [LOG] [VERBOSE] [Fast Refresh] rebuilding  @ http://localhost:3000/_next/static/chunks/src_88339d._.js:424
[94122918ms] [ERROR] Failed to load resource: the server responded with a status of 500 (Internal Server Error) @ http://localhost:3000/auth/signin:0
[94122922ms] [LOG] [VERBOSE] [Fast Refresh] rebuilding  @ http://localhost:3000/_next/static/chunks/src_88339d._.js:424
[94122924ms] [LOG] [VERBOSE] [Fast Refresh] rebuilding  @ http://localhost:3000/_next/static/chunks/src_88339d._.js:424
[94122928ms] [LOG] [VERBOSE] [Fast Refresh] rebuilding  @ http://localhost:3000/_next/static/chunks/src_88339d._.js:424
[94122930ms] [LOG] [VERBOSE] [Fast Refresh] rebuilding  @ http://localhost:3000/_next/static/chunks/src_88339d._.js:424
[94123714ms] [LOG] [VERBOSE] [Fast Refresh] rebuilding  @ http://localhost:3000/_next/static/chunks/src_88339d._.js:424
[94123791ms] [LOG] [VERBOSE] [Fast Refresh] rebuilding  @ http://localhost:3000/_next/static/chunks/src_88339d._.js:424
[94123885ms] [LOG] [VERBOSE] [Fast Refresh] rebuilding  @ http://localhost:3000/_next/static/chunks/src_88339d._.js:424
[94128372ms] [LOG] [VERBOSE] [Fast Refresh] rebuilding  @ http://localhost:3000/_next/static/chunks/src_88339d._.js:424
[94128431ms] [LOG] [VERBOSE] [Fast Refresh] rebuilding  @ http://localhost:3000/_next/static/chunks/src_88339d._.js:424
[94151455ms] [LOG] [VERBOSE] [Fast Refresh] rebuilding  @ http://localhost:3000/_next/static/chunks/src_88339d._.js:424
[94151560ms] [LOG] [VERBOSE] [Fast Refresh] rebuilding  @ http://localhost:3000/_next/static/chunks/src_88339d._.js:424
[94151650ms] [LOG] [VERBOSE] [Fast Refresh] rebuilding  @ http://localhost:3000/_next/static/chunks/src_88339d._.js:424
[94152211ms] [ERROR] Failed to load resource: the server responded with a status of 500 (Internal Server Error) @ http://localhost:3000/auth/signin:0
[94152216ms] [LOG] [VERBOSE] [Fast Refresh] rebuilding  @ http://localhost:3000/_next/static/chunks/src_88339d._.js:424
[94152217ms] [LOG] [VERBOSE] [Fast Refresh] rebuilding  @ http://localhost:3000/_next/static/chunks/src_88339d._.js:424
[94153727ms] [LOG] [VERBOSE] [Fast Refresh] rebuilding  @ http://localhost:3000/_next/static/chunks/src_88339d._.js:424
[94153819ms] [LOG] [VERBOSE] [Fast Refresh] rebuilding  @ http://localhost:3000/_next/static/chunks/src_88339d._.js:424
[94153867ms] [LOG] [VERBOSE] [Fast Refresh] rebuilding  @ http://localhost:3000/_next/static/chunks/src_88339d._.js:424
[94158382ms] [LOG] [VERBOSE] [Fast Refresh] rebuilding  @ http://localhost:3000/_next/static/chunks/src_88339d._.js:424
[94181464ms] [LOG] [VERBOSE] [Fast Refresh] rebuilding  @ http://localhost:3000/_next/static/chunks/src_88339d._.js:424
[94181576ms] [LOG] [VERBOSE] [Fast Refresh] rebuilding  @ http://localhost:3000/_next/static/chunks/src_88339d._.js:424
[94181656ms] [LOG] [VERBOSE] [Fast Refresh] rebuilding  @ http://localhost:3000/_next/static/chunks/src_88339d._.js:424
[94181687ms] [LOG] [VERBOSE] [Fast Refresh] rebuilding  @ http://localhost:3000/_next/static/chunks/src_88339d._.js:424
[94182241ms] [ERROR] Failed to load resource: the server responded with a status of 500 (Internal Server Error) @ http://localhost:3000/auth/signin:0
[94182244ms] [LOG] [VERBOSE] [Fast Refresh] rebuilding  @ http://localhost:3000/_next/static/chunks/src_88339d._.js:424
[94182246ms] [LOG] [VERBOSE] [Fast Refresh] rebuilding  @ http://localhost:3000/_next/static/chunks/src_88339d._.js:424
[94182251ms] [LOG] [VERBOSE] [Fast Refresh] rebuilding  @ http://localhost:3000/_next/static/chunks/src_88339d._.js:424
[94183695ms] [LOG] [VERBOSE] [Fast Refresh] rebuilding  @ http://localhost:3000/_next/static/chunks/src_88339d._.js:424
[94183771ms] [LOG] [VERBOSE] [Fast Refresh] rebuilding  @ http://localhost:3000/_next/static/chunks/src_88339d._.js:424
[94188383ms] [LOG] [VERBOSE] [Fast Refresh] rebuilding  @ http://localhost:3000/_next/static/chunks/src_88339d._.js:424
[94188439ms] [LOG] [VERBOSE] [Fast Refresh] rebuilding  @ http://localhost:3000/_next/static/chunks/src_88339d._.js:424
[94211453ms] [LOG] [VERBOSE] [Fast Refresh] rebuilding  @ http://localhost:3000/_next/static/chunks/src_88339d._.js:424
[94211520ms] [LOG] [VERBOSE] [Fast Refresh] rebuilding  @ http://localhost:3000/_next/static/chunks/src_88339d._.js:424
[94211571ms] [LOG] [VERBOSE] [Fast Refresh] rebuilding  @ http://localhost:3000/_next/static/chunks/src_88339d._.js:424
[94211680ms] [LOG] [VERBOSE] [Fast Refresh] rebuilding  @ http://localhost:3000/_next/static/chunks/src_88339d._.js:424
[94212295ms] [ERROR] Failed to load resource: the server responded with a status of 500 (Internal Server Error) @ http://localhost:3000/auth/signin:0
[94212300ms] [LOG] [VERBOSE] [Fast Refresh] rebuilding  @ http://localhost:3000/_next/static/chunks/src_88339d._.js:424
[94212301ms] [LOG] [VERBOSE] [Fast Refresh] rebuilding  @ http://localhost:3000/_next/static/chunks/src_88339d._.js:424
[94213668ms] [LOG] [VERBOSE] [Fast Refresh] rebuilding  @ http://localhost:3000/_next/static/chunks/src_88339d._.js:424
[94213714ms] [LOG] [VERBOSE] [Fast Refresh] rebuilding  @ http://localhost:3000/_next/static/chunks/src_88339d._.js:424
[94213765ms] [LOG] [VERBOSE] [Fast Refresh] rebuilding  @ http://localhost:3000/_next/static/chunks/src_88339d._.js:424
[94218375ms] [LOG] [VERBOSE] [Fast Refresh] rebuilding  @ http://localhost:3000/_next/static/chunks/src_88339d._.js:424
[94241462ms] [LOG] [VERBOSE] [Fast Refresh] rebuilding  @ http://localhost:3000/_next/static/chunks/src_88339d._.js:424
[94241575ms] [LOG] [VERBOSE] [Fast Refresh] rebuilding  @ http://localhost:3000/_next/static/chunks/src_88339d._.js:424
[94241685ms] [LOG] [VERBOSE] [Fast Refresh] rebuilding  @ http://localhost:3000/_next/static/chunks/src_88339d._.js:424
[94242302ms] [ERROR] Failed to load resource: the server responded with a status of 500 (Internal Server Error) @ http://localhost:3000/auth/signin:0
[94242307ms] [LOG] [VERBOSE] [Fast Refresh] rebuilding  @ http://localhost:3000/_next/static/chunks/src_88339d._.js:424
[94242308ms] [LOG] [VERBOSE] [Fast Refresh] rebuilding  @ http://localhost:3000/_next/static/chunks/src_88339d._.js:424
[94243678ms] [LOG] [VERBOSE] [Fast Refresh] rebuilding  @ http://localhost:3000/_next/static/chunks/src_88339d._.js:424
[94243775ms] [LOG] [VERBOSE] [Fast Refresh] rebuilding  @ http://localhost:3000/_next/static/chunks/src_88339d._.js:424
[94248376ms] [LOG] [VERBOSE] [Fast Refresh] rebuilding  @ http://localhost:3000/_next/static/chunks/src_88339d._.js:424
[94271457ms] [LOG] [VERBOSE] [Fast Refresh] rebuilding  @ http://localhost:3000/_next/static/chunks/src_88339d._.js:424
[94271520ms] [LOG] [VERBOSE] [Fast Refresh] rebuilding  @ http://localhost:3000/_next/static/chunks/src_88339d._.js:424
[94271571ms] [LOG] [VERBOSE] [Fast Refresh] rebuilding  @ http://localhost:3000/_next/static/chunks/src_88339d._.js:424
[94271645ms] [LOG] [VERBOSE] [Fast Refresh] rebuilding  @ http://localhost:3000/_next/static/chunks/src_88339d._.js:424
[94272227ms] [ERROR] Failed to load resource: the server responded with a status of 500 (Internal Server Error) @ http://localhost:3000/auth/signin:0
[94272228ms] [LOG] [VERBOSE] [Fast Refresh] rebuilding  @ http://localhost:3000/_next/static/chunks/src_88339d._.js:424
[94272230ms] [LOG] [VERBOSE] [Fast Refresh] rebuilding  @ http://localhost:3000/_next/static/chunks/src_88339d._.js:424
[94273650ms] [LOG] [VERBOSE] [Fast Refresh] rebuilding  @ http://localhost:3000/_next/static/chunks/src_88339d._.js:424
[94273702ms] [LOG] [VERBOSE] [Fast Refresh] rebuilding  @ http://localhost:3000/_next/static/chunks/src_88339d._.js:424
[94273749ms] [LOG] [VERBOSE] [Fast Refresh] rebuilding  @ http://localhost:3000/_next/static/chunks/src_88339d._.js:424
[94278385ms] [LOG] [VERBOSE] [Fast Refresh] rebuilding  @ http://localhost:3000/_next/static/chunks/src_88339d._.js:424
[94301451ms] [LOG] [VERBOSE] [Fast Refresh] rebuilding  @ http://localhost:3000/_next/static/chunks/src_88339d._.js:424
[94301551ms] [LOG] [VERBOSE] [Fast Refresh] rebuilding  @ http://localhost:3000/_next/static/chunks/src_88339d._.js:424
[94301630ms] [LOG] [VERBOSE] [Fast Refresh] rebuilding  @ http://localhost:3000/_next/static/chunks/src_88339d._.js:424
[94301665ms] [LOG] [VERBOSE] [Fast Refresh] rebuilding  @ http://localhost:3000/_next/static/chunks/src_88339d._.js:424
[94302219ms] [ERROR] Failed to load resource: the server responded with a status of 500 (Internal Server Error) @ http://localhost:3000/auth/signin:0
[94302223ms] [LOG] [VERBOSE] [Fast Refresh] rebuilding  @ http://localhost:3000/_next/static/chunks/src_88339d._.js:424
[94302223ms] [LOG] [VERBOSE] [Fast Refresh] rebuilding  @ http://localhost:3000/_next/static/chunks/src_88339d._.js:424
[94304297ms] [LOG] [VERBOSE] [Fast Refresh] rebuilding  @ http://localhost:3000/_next/static/chunks/src_88339d._.js:424
[94304346ms] [LOG] [VERBOSE] [Fast Refresh] rebuilding  @ http://localhost:3000/_next/static/chunks/src_88339d._.js:424
[94304407ms] [LOG] [VERBOSE] [Fast Refresh] rebuilding  @ http://localhost:3000/_next/static/chunks/src_88339d._.js:424
[94309273ms] [LOG] [VERBOSE] [Fast Refresh] rebuilding  @ http://localhost:3000/_next/static/chunks/src_88339d._.js:424
[94309311ms] [LOG] [VERBOSE] [Fast Refresh] rebuilding  @ http://localhost:3000/_next/static/chunks/src_88339d._.js:424
[94331450ms] [LOG] [VERBOSE] [Fast Refresh] rebuilding  @ http://localhost:3000/_next/static/chunks/src_88339d._.js:424
[94331552ms] [LOG] [VERBOSE] [Fast Refresh] rebuilding  @ http://localhost:3000/_next/static/chunks/src_88339d._.js:424
[94331659ms] [LOG] [VERBOSE] [Fast Refresh] rebuilding  @ http://localhost:3000/_next/static/chunks/src_88339d._.js:424
[94332193ms] [ERROR] Failed to load resource: the server responded with a status of 500 (Internal Server Error) @ http://localhost:3000/auth/signin:0
[94332196ms] [LOG] [VERBOSE] [Fast Refresh] rebuilding  @ http://localhost:3000/_next/static/chunks/src_88339d._.js:424
[94334347ms] [LOG] [VERBOSE] [Fast Refresh] rebuilding  @ http://localhost:3000/_next/static/chunks/src_88339d._.js:424
[94334409ms] [LOG] [VERBOSE] [Fast Refresh] rebuilding  @ http://localhost:3000/_next/static/chunks/src_88339d._.js:424
[94339285ms] [LOG] [VERBOSE] [Fast Refresh] rebuilding  @ http://localhost:3000/_next/static/chunks/src_88339d._.js:424
[94339327ms] [LOG] [VERBOSE] [Fast Refresh] rebuilding  @ http://localhost:3000/_next/static/chunks/src_88339d._.js:424
[94361466ms] [LOG] [VERBOSE] [Fast Refresh] rebuilding  @ http://localhost:3000/_next/static/chunks/src_88339d._.js:424
[94361581ms] [LOG] [VERBOSE] [Fast Refresh] rebuilding  @ http://localhost:3000/_next/static/chunks/src_88339d._.js:424
[94361703ms] [LOG] [VERBOSE] [Fast Refresh] rebuilding  @ http://localhost:3000/_next/static/chunks/src_88339d._.js:424
[94362346ms] [ERROR] Failed to load resource: the server responded with a status of 500 (Internal Server Error) @ http://localhost:3000/auth/signin:0
[94362348ms] [LOG] [VERBOSE] [Fast Refresh] rebuilding  @ http://localhost:3000/_next/static/chunks/src_88339d._.js:424
[94362349ms] [LOG] [VERBOSE] [Fast Refresh] rebuilding  @ http://localhost:3000/_next/static/chunks/src_88339d._.js:424
[94380294ms] [LOG] [VERBOSE] [Fast Refresh] rebuilding  @ http://localhost:3000/_next/static/chunks/src_88339d._.js:424
[94380476ms] [LOG] [VERBOSE] [Fast Refresh] rebuilding  @ http://localhost:3000/_next/static/chunks/src_88339d._.js:424
[94391464ms] [LOG] [VERBOSE] [Fast Refresh] rebuilding  @ http://localhost:3000/_next/static/chunks/src_88339d._.js:424
[94391573ms] [LOG] [VERBOSE] [Fast Refresh] rebuilding  @ http://localhost:3000/_next/static/chunks/src_88339d._.js:424
[94391642ms] [LOG] [VERBOSE] [Fast Refresh] rebuilding  @ http://localhost:3000/_next/static/chunks/src_88339d._.js:424
[94391730ms] [LOG] [VERBOSE] [Fast Refresh] rebuilding  @ http://localhost:3000/_next/static/chunks/src_88339d._.js:424
[94392424ms] [ERROR] Failed to load resource: the server responded with a status of 500 (Internal Server Error) @ http://localhost:3000/auth/signin:0
[94392426ms] [LOG] [VERBOSE] [Fast Refresh] rebuilding  @ http://localhost:3000/_next/static/chunks/src_88339d._.js:424
[94392428ms] [LOG] [VERBOSE] [Fast Refresh] rebuilding  @ http://localhost:3000/_next/static/chunks/src_88339d._.js:424
[94421458ms] [LOG] [VERBOSE] [Fast Refresh] rebuilding  @ http://localhost:3000/_next/static/chunks/src_88339d._.js:424
[94421619ms] [LOG] [VERBOSE] [Fast Refresh] rebuilding  @ http://localhost:3000/_next/static/chunks/src_88339d._.js:424
[94422355ms] [ERROR] Failed to load resource: the server responded with a status of 500 (Internal Server Error) @ http://localhost:3000/auth/signin:0
[94422358ms] [LOG] [VERBOSE] [Fast Refresh] rebuilding  @ http://localhost:3000/_next/static/chunks/src_88339d._.js:424
[94422359ms] [LOG] [VERBOSE] [Fast Refresh] rebuilding  @ http://localhost:3000/_next/static/chunks/src_88339d._.js:424
[94422715ms] [INFO] %cDownload the React DevTools for a better development experience: https://react.dev/link/react-devtools font-weight:bold @ http://localhost:3000/_next/static/chunks/node_modules_next_dist_compiled_react-dom_1f56dc._.js:13948
[94422769ms] [WARNING] Image with src "/EllipseBg.svg" has legacy prop "layout". Did you forget to run the codemod?
Read more: https://nextjs.org/docs/messages/next-image-upgrade-to-13 @ http://localhost:3000/_next/static/chunks/node_modules_next_dist_4bb10e._.js:638
[94422785ms] [LOG] [VERBOSE] Idle timer set for 5 minutes  @ http://localhost:3000/_next/static/chunks/src_88339d._.js:424
[94422795ms] [WARNING] [WARN] Image with src "http://localhost:3000/logos/gil_logo.svg" has either width or height modified, but not the other. If you use CSS to change the size of your image, also include the styles 'width: "auto"' or 'height: "auto"' to maintain the aspect ratio.  @ http://localhost:3000/_next/static/chunks/src_88339d._.js:453
[94422838ms] [LOG] [VERBOSE] [Fast Refresh] rebuilding  @ http://localhost:3000/_next/static/chunks/src_88339d._.js:424
[94422893ms] [LOG] [VERBOSE] [Fast Refresh] rebuilding  @ http://localhost:3000/_next/static/chunks/src_88339d._.js:424
[94422992ms] [LOG] [VERBOSE] [Fast Refresh] rebuilding  @ http://localhost:3000/_next/static/chunks/src_88339d._.js:424
[94423131ms] [LOG] [VERBOSE] [Fast Refresh] rebuilding  @ http://localhost:3000/_next/static/chunks/src_88339d._.js:424
[94423800ms] [ERROR] Failed to load resource: the server responded with a status of 500 (Internal Server Error) @ http://localhost:3000/auth/signin:0
[94423801ms] [LOG] [VERBOSE] [Fast Refresh] rebuilding  @ http://localhost:3000/_next/static/chunks/src_88339d._.js:424
[94423802ms] [LOG] [VERBOSE] [Fast Refresh] rebuilding  @ http://localhost:3000/_next/static/chunks/src_88339d._.js:424
[94424368ms] [LOG] [VERBOSE] [Fast Refresh] rebuilding  @ http://localhost:3000/_next/static/chunks/src_88339d._.js:424
[94424464ms] [LOG] [VERBOSE] [Fast Refresh] rebuilding  @ http://localhost:3000/_next/static/chunks/src_88339d._.js:424
[94425946ms] [LOG] [VERBOSE] [Fast Refresh] rebuilding  @ http://localhost:3000/_next/static/chunks/src_88339d._.js:424
[94426033ms] [LOG] [VERBOSE] [Fast Refresh] rebuilding  @ http://localhost:3000/_next/static/chunks/src_88339d._.js:424
[94426074ms] [LOG] [VERBOSE] [Fast Refresh] rebuilding  @ http://localhost:3000/_next/static/chunks/src_88339d._.js:424
[94426139ms] [LOG] [VERBOSE] [Fast Refresh] rebuilding  @ http://localhost:3000/_next/static/chunks/src_88339d._.js:424
[94440284ms] [LOG] [VERBOSE] [Fast Refresh] rebuilding  @ http://localhost:3000/_next/static/chunks/src_88339d._.js:424
[94440372ms] [LOG] [VERBOSE] [Fast Refresh] rebuilding  @ http://localhost:3000/_next/static/chunks/src_88339d._.js:424
[94452810ms] [LOG] [VERBOSE] [Fast Refresh] rebuilding  @ http://localhost:3000/_next/static/chunks/src_88339d._.js:424
[94452878ms] [LOG] [VERBOSE] [Fast Refresh] rebuilding  @ http://localhost:3000/_next/static/chunks/src_88339d._.js:424
[94452942ms] [LOG] [VERBOSE] [Fast Refresh] rebuilding  @ http://localhost:3000/_next/static/chunks/src_88339d._.js:424
[94453071ms] [LOG] [VERBOSE] [Fast Refresh] rebuilding  @ http://localhost:3000/_next/static/chunks/src_88339d._.js:424
[94453605ms] [ERROR] Failed to load resource: the server responded with a status of 500 (Internal Server Error) @ http://localhost:3000/auth/signin:0
[94453610ms] [LOG] [VERBOSE] [Fast Refresh] rebuilding  @ http://localhost:3000/_next/static/chunks/src_88339d._.js:424
[94453610ms] [LOG] [VERBOSE] [Fast Refresh] rebuilding  @ http://localhost:3000/_next/static/chunks/src_88339d._.js:424
[94456325ms] [LOG] [VERBOSE] [Fast Refresh] rebuilding  @ http://localhost:3000/_next/static/chunks/src_88339d._.js:424
[94456394ms] [LOG] [VERBOSE] [Fast Refresh] rebuilding  @ http://localhost:3000/_next/static/chunks/src_88339d._.js:424
[94456446ms] [LOG] [VERBOSE] [Fast Refresh] rebuilding  @ http://localhost:3000/_next/static/chunks/src_88339d._.js:424
[94482818ms] [LOG] [VERBOSE] [Fast Refresh] rebuilding  @ http://localhost:3000/_next/static/chunks/src_88339d._.js:424
[94482916ms] [LOG] [VERBOSE] [Fast Refresh] rebuilding  @ http://localhost:3000/_next/static/chunks/src_88339d._.js:424
[94483025ms] [LOG] [VERBOSE] [Fast Refresh] rebuilding  @ http://localhost:3000/_next/static/chunks/src_88339d._.js:424
[94483529ms] [ERROR] Failed to load resource: the server responded with a status of 500 (Internal Server Error) @ http://localhost:3000/auth/signin:0
[94483530ms] [LOG] [VERBOSE] [Fast Refresh] rebuilding  @ http://localhost:3000/_next/static/chunks/src_88339d._.js:424
[94483531ms] [LOG] [VERBOSE] [Fast Refresh] rebuilding  @ http://localhost:3000/_next/static/chunks/src_88339d._.js:424
[94486328ms] [LOG] [VERBOSE] [Fast Refresh] rebuilding  @ http://localhost:3000/_next/static/chunks/src_88339d._.js:424
[94486388ms] [LOG] [VERBOSE] [Fast Refresh] rebuilding  @ http://localhost:3000/_next/static/chunks/src_88339d._.js:424
[94486424ms] [LOG] [VERBOSE] [Fast Refresh] rebuilding  @ http://localhost:3000/_next/static/chunks/src_88339d._.js:424
[94500295ms] [LOG] [VERBOSE] [Fast Refresh] rebuilding  @ http://localhost:3000/_next/static/chunks/src_88339d._.js:424
[94500370ms] [LOG] [VERBOSE] [Fast Refresh] rebuilding  @ http://localhost:3000/_next/static/chunks/src_88339d._.js:424
[94501082ms] [LOG] [VERBOSE] [Fast Refresh] rebuilding  @ http://localhost:3000/_next/static/chunks/src_88339d._.js:424
[94501083ms] [LOG] [VERBOSE] [Fast Refresh] rebuilding  @ http://localhost:3000/_next/static/chunks/src_88339d._.js:424
[94512809ms] [LOG] [VERBOSE] [Fast Refresh] rebuilding  @ http://localhost:3000/_next/static/chunks/src_88339d._.js:424
[94512911ms] [LOG] [VERBOSE] [Fast Refresh] rebuilding  @ http://localhost:3000/_next/static/chunks/src_88339d._.js:424
[94513005ms] [LOG] [VERBOSE] [Fast Refresh] rebuilding  @ http://localhost:3000/_next/static/chunks/src_88339d._.js:424
[94513547ms] [ERROR] Failed to load resource: the server responded with a status of 500 (Internal Server Error) @ http://localhost:3000/auth/signin:0
[94513549ms] [LOG] [VERBOSE] [Fast Refresh] rebuilding  @ http://localhost:3000/_next/static/chunks/src_88339d._.js:424
[94513550ms] [LOG] [VERBOSE] [Fast Refresh] rebuilding  @ http://localhost:3000/_next/static/chunks/src_88339d._.js:424
[94516335ms] [LOG] [VERBOSE] [Fast Refresh] rebuilding  @ http://localhost:3000/_next/static/chunks/src_88339d._.js:424
[94516428ms] [LOG] [VERBOSE] [Fast Refresh] rebuilding  @ http://localhost:3000/_next/static/chunks/src_88339d._.js:424
[94542802ms] [LOG] [VERBOSE] [Fast Refresh] rebuilding  @ http://localhost:3000/_next/static/chunks/src_88339d._.js:424
[94542898ms] [LOG] [VERBOSE] [Fast Refresh] rebuilding  @ http://localhost:3000/_next/static/chunks/src_88339d._.js:424
[94542964ms] [LOG] [VERBOSE] [Fast Refresh] rebuilding  @ http://localhost:3000/_next/static/chunks/src_88339d._.js:424
[94543539ms] [ERROR] Failed to load resource: the server responded with a status of 500 (Internal Server Error) @ http://localhost:3000/auth/signin:0
[94543540ms] [LOG] [VERBOSE] [Fast Refresh] rebuilding  @ http://localhost:3000/_next/static/chunks/src_88339d._.js:424
[94543540ms] [LOG] [VERBOSE] [Fast Refresh] rebuilding  @ http://localhost:3000/_next/static/chunks/src_88339d._.js:424
[94546363ms] [LOG] [VERBOSE] [Fast Refresh] rebuilding  @ http://localhost:3000/_next/static/chunks/src_88339d._.js:424
[94546438ms] [LOG] [VERBOSE] [Fast Refresh] rebuilding  @ http://localhost:3000/_next/static/chunks/src_88339d._.js:424
[94560330ms] [LOG] [VERBOSE] [Fast Refresh] rebuilding  @ http://localhost:3000/_next/static/chunks/src_88339d._.js:424
[94560423ms] [LOG] [VERBOSE] [Fast Refresh] rebuilding  @ http://localhost:3000/_next/static/chunks/src_88339d._.js:424
[94560568ms] [LOG] [VERBOSE] [Fast Refresh] rebuilding  @ http://localhost:3000/_next/static/chunks/src_88339d._.js:424
[94561387ms] [LOG] [VERBOSE] [Fast Refresh] rebuilding  @ http://localhost:3000/_next/static/chunks/src_88339d._.js:424
[94561388ms] [LOG] [VERBOSE] [Fast Refresh] rebuilding  @ http://localhost:3000/_next/static/chunks/src_88339d._.js:424
[94572808ms] [LOG] [VERBOSE] [Fast Refresh] rebuilding  @ http://localhost:3000/_next/static/chunks/src_88339d._.js:424
[94572907ms] [LOG] [VERBOSE] [Fast Refresh] rebuilding  @ http://localhost:3000/_next/static/chunks/src_88339d._.js:424
[94573526ms] [ERROR] Failed to load resource: the server responded with a status of 500 (Internal Server Error) @ http://localhost:3000/auth/signin:0
[94573527ms] [LOG] [VERBOSE] [Fast Refresh] rebuilding  @ http://localhost:3000/_next/static/chunks/src_88339d._.js:424
[94573527ms] [LOG] [VERBOSE] [Fast Refresh] rebuilding  @ http://localhost:3000/_next/static/chunks/src_88339d._.js:424
[94576331ms] [LOG] [VERBOSE] [Fast Refresh] rebuilding  @ http://localhost:3000/_next/static/chunks/src_88339d._.js:424
[94576410ms] [LOG] [VERBOSE] [Fast Refresh] rebuilding  @ http://localhost:3000/_next/static/chunks/src_88339d._.js:424
[94602810ms] [LOG] [VERBOSE] [Fast Refresh] rebuilding  @ http://localhost:3000/_next/static/chunks/src_88339d._.js:424
[94602919ms] [LOG] [VERBOSE] [Fast Refresh] rebuilding  @ http://localhost:3000/_next/static/chunks/src_88339d._.js:424
[94602992ms] [LOG] [VERBOSE] [Fast Refresh] rebuilding  @ http://localhost:3000/_next/static/chunks/src_88339d._.js:424
[94603535ms] [ERROR] Failed to load resource: the server responded with a status of 500 (Internal Server Error) @ http://localhost:3000/auth/signin:0
[94603535ms] [LOG] [VERBOSE] [Fast Refresh] rebuilding  @ http://localhost:3000/_next/static/chunks/src_88339d._.js:424
[94603536ms] [LOG] [VERBOSE] [Fast Refresh] rebuilding  @ http://localhost:3000/_next/static/chunks/src_88339d._.js:424
[94606341ms] [LOG] [VERBOSE] [Fast Refresh] rebuilding  @ http://localhost:3000/_next/static/chunks/src_88339d._.js:424
[94606425ms] [LOG] [VERBOSE] [Fast Refresh] rebuilding  @ http://localhost:3000/_next/static/chunks/src_88339d._.js:424
[94620302ms] [LOG] [VERBOSE] [Fast Refresh] rebuilding  @ http://localhost:3000/_next/static/chunks/src_88339d._.js:424
[94620406ms] [LOG] [VERBOSE] [Fast Refresh] rebuilding  @ http://localhost:3000/_next/static/chunks/src_88339d._.js:424
[94620481ms] [LOG] [VERBOSE] [Fast Refresh] rebuilding  @ http://localhost:3000/_next/static/chunks/src_88339d._.js:424
[94620969ms] [LOG] [VERBOSE] [Fast Refresh] rebuilding  @ http://localhost:3000/_next/static/chunks/src_88339d._.js:424
[94632811ms] [LOG] [VERBOSE] [Fast Refresh] rebuilding  @ http://localhost:3000/_next/static/chunks/src_88339d._.js:424
[94632910ms] [LOG] [VERBOSE] [Fast Refresh] rebuilding  @ http://localhost:3000/_next/static/chunks/src_88339d._.js:424
[94633530ms] [ERROR] Failed to load resource: the server responded with a status of 500 (Internal Server Error) @ http://localhost:3000/auth/signin:0
[94633531ms] [LOG] [VERBOSE] [Fast Refresh] rebuilding  @ http://localhost:3000/_next/static/chunks/src_88339d._.js:424
[94633531ms] [LOG] [VERBOSE] [Fast Refresh] rebuilding  @ http://localhost:3000/_next/static/chunks/src_88339d._.js:424
[94633532ms] [LOG] [VERBOSE] [Fast Refresh] rebuilding  @ http://localhost:3000/_next/static/chunks/src_88339d._.js:424
[94662805ms] [LOG] [VERBOSE] [Fast Refresh] rebuilding  @ http://localhost:3000/_next/static/chunks/src_88339d._.js:424
[94662885ms] [LOG] [VERBOSE] [Fast Refresh] rebuilding  @ http://localhost:3000/_next/static/chunks/src_88339d._.js:424
[94663028ms] [LOG] [VERBOSE] [Fast Refresh] rebuilding  @ http://localhost:3000/_next/static/chunks/src_88339d._.js:424
[94663668ms] [ERROR] Failed to load resource: the server responded with a status of 500 (Internal Server Error) @ http://localhost:3000/auth/signin:0
[94663671ms] [LOG] [VERBOSE] [Fast Refresh] rebuilding  @ http://localhost:3000/_next/static/chunks/src_88339d._.js:424
[94663672ms] [LOG] [VERBOSE] [Fast Refresh] rebuilding  @ http://localhost:3000/_next/static/chunks/src_88339d._.js:424
[94663673ms] [LOG] [VERBOSE] [Fast Refresh] rebuilding  @ http://localhost:3000/_next/static/chunks/src_88339d._.js:424
[94667351ms] [LOG] [VERBOSE] [Fast Refresh] rebuilding  @ http://localhost:3000/_next/static/chunks/src_88339d._.js:424
[94667428ms] [LOG] [VERBOSE] [Fast Refresh] rebuilding  @ http://localhost:3000/_next/static/chunks/src_88339d._.js:424
[94680315ms] [LOG] [VERBOSE] [Fast Refresh] rebuilding  @ http://localhost:3000/_next/static/chunks/src_88339d._.js:424
[94680406ms] [LOG] [VERBOSE] [Fast Refresh] rebuilding  @ http://localhost:3000/_next/static/chunks/src_88339d._.js:424
[94680548ms] [LOG] [VERBOSE] [Fast Refresh] rebuilding  @ http://localhost:3000/_next/static/chunks/src_88339d._.js:424
[94681096ms] [LOG] [VERBOSE] [Fast Refresh] rebuilding  @ http://localhost:3000/_next/static/chunks/src_88339d._.js:424
[94681096ms] [LOG] [VERBOSE] [Fast Refresh] rebuilding  @ http://localhost:3000/_next/static/chunks/src_88339d._.js:424
[94692805ms] [LOG] [VERBOSE] [Fast Refresh] rebuilding  @ http://localhost:3000/_next/static/chunks/src_88339d._.js:424
[94692890ms] [LOG] [VERBOSE] [Fast Refresh] rebuilding  @ http://localhost:3000/_next/static/chunks/src_88339d._.js:424
[94693495ms] [ERROR] Failed to load resource: the server responded with a status of 500 (Internal Server Error) @ http://localhost:3000/auth/signin:0
[94693499ms] [LOG] [VERBOSE] [Fast Refresh] rebuilding  @ http://localhost:3000/_next/static/chunks/src_88339d._.js:424
[94693500ms] [LOG] [VERBOSE] [Fast Refresh] rebuilding  @ http://localhost:3000/_next/static/chunks/src_88339d._.js:424
[94722825ms] [LOG] [VERBOSE] [Fast Refresh] rebuilding  @ http://localhost:3000/_next/static/chunks/src_88339d._.js:424
[94722944ms] [LOG] [VERBOSE] [Fast Refresh] rebuilding  @ http://localhost:3000/_next/static/chunks/src_88339d._.js:424
[94722997ms] [LOG] [VERBOSE] [Fast Refresh] rebuilding  @ http://localhost:3000/_next/static/chunks/src_88339d._.js:424
[94723867ms] [ERROR] Failed to load resource: the server responded with a status of 500 (Internal Server Error) @ http://localhost:3000/auth/signin:0
[94723869ms] [LOG] [VERBOSE] [Fast Refresh] rebuilding  @ http://localhost:3000/_next/static/chunks/src_88339d._.js:424
[94723870ms] [LOG] [VERBOSE] [Fast Refresh] rebuilding  @ http://localhost:3000/_next/static/chunks/src_88339d._.js:424
[94724226ms] [INFO] %cDownload the React DevTools for a better development experience: https://react.dev/link/react-devtools font-weight:bold @ http://localhost:3000/_next/static/chunks/node_modules_next_dist_compiled_react-dom_1f56dc._.js:13948
[94724275ms] [WARNING] Image with src "/EllipseBg.svg" has legacy prop "layout". Did you forget to run the codemod?
Read more: https://nextjs.org/docs/messages/next-image-upgrade-to-13 @ http://localhost:3000/_next/static/chunks/node_modules_next_dist_4bb10e._.js:638
[94724299ms] [LOG] [VERBOSE] Idle timer set for 5 minutes  @ http://localhost:3000/_next/static/chunks/src_88339d._.js:424
[94724311ms] [WARNING] [WARN] Image with src "http://localhost:3000/logos/gil_logo.svg" has either width or height modified, but not the other. If you use CSS to change the size of your image, also include the styles 'width: "auto"' or 'height: "auto"' to maintain the aspect ratio.  @ http://localhost:3000/_next/static/chunks/src_88339d._.js:453
[94724354ms] [LOG] [VERBOSE] [Fast Refresh] rebuilding  @ http://localhost:3000/_next/static/chunks/src_88339d._.js:424
[94724477ms] [LOG] [VERBOSE] [Fast Refresh] rebuilding  @ http://localhost:3000/_next/static/chunks/src_88339d._.js:424
[94724568ms] [LOG] [VERBOSE] [Fast Refresh] rebuilding  @ http://localhost:3000/_next/static/chunks/src_88339d._.js:424
[94725067ms] [ERROR] Failed to load resource: the server responded with a status of 500 (Internal Server Error) @ http://localhost:3000/auth/signin:0
[94725069ms] [LOG] [VERBOSE] [Fast Refresh] rebuilding  @ http://localhost:3000/_next/static/chunks/src_88339d._.js:424
[94725070ms] [LOG] [VERBOSE] [Fast Refresh] rebuilding  @ http://localhost:3000/_next/static/chunks/src_88339d._.js:424
[94726338ms] [LOG] [VERBOSE] [Fast Refresh] rebuilding  @ http://localhost:3000/_next/static/chunks/src_88339d._.js:424
[94726382ms] [LOG] [VERBOSE] [Fast Refresh] rebuilding  @ http://localhost:3000/_next/static/chunks/src_88339d._.js:424
[94728489ms] [LOG] [VERBOSE] [Fast Refresh] rebuilding  @ http://localhost:3000/_next/static/chunks/src_88339d._.js:424
[94728601ms] [LOG] [VERBOSE] [Fast Refresh] rebuilding  @ http://localhost:3000/_next/static/chunks/src_88339d._.js:424
[94728666ms] [LOG] [VERBOSE] [Fast Refresh] rebuilding  @ http://localhost:3000/_next/static/chunks/src_88339d._.js:424
[94740304ms] [LOG] [VERBOSE] [Fast Refresh] rebuilding  @ http://localhost:3000/_next/static/chunks/src_88339d._.js:424
[94740448ms] [LOG] [VERBOSE] [Fast Refresh] rebuilding  @ http://localhost:3000/_next/static/chunks/src_88339d._.js:424
[94741133ms] [LOG] [VERBOSE] [Fast Refresh] rebuilding  @ http://localhost:3000/_next/static/chunks/src_88339d._.js:424
[94741135ms] [LOG] [VERBOSE] [Fast Refresh] rebuilding  @ http://localhost:3000/_next/static/chunks/src_88339d._.js:424
[94741135ms] [LOG] [VERBOSE] [Fast Refresh] rebuilding  @ http://localhost:3000/_next/static/chunks/src_88339d._.js:424
[94754319ms] [LOG] [VERBOSE] [Fast Refresh] rebuilding  @ http://localhost:3000/_next/static/chunks/src_88339d._.js:424
[94754420ms] [LOG] [VERBOSE] [Fast Refresh] rebuilding  @ http://localhost:3000/_next/static/chunks/src_88339d._.js:424
[94755078ms] [ERROR] Failed to load resource: the server responded with a status of 500 (Internal Server Error) @ http://localhost:3000/auth/signin:0
[94755078ms] [LOG] [VERBOSE] [Fast Refresh] rebuilding  @ http://localhost:3000/_next/static/chunks/src_88339d._.js:424
[94755079ms] [LOG] [VERBOSE] [Fast Refresh] rebuilding  @ http://localhost:3000/_next/static/chunks/src_88339d._.js:424
[94759339ms] [LOG] [VERBOSE] [Fast Refresh] rebuilding  @ http://localhost:3000/_next/static/chunks/src_88339d._.js:424
[94759404ms] [LOG] [VERBOSE] [Fast Refresh] rebuilding  @ http://localhost:3000/_next/static/chunks/src_88339d._.js:424
[94784331ms] [LOG] [VERBOSE] [Fast Refresh] rebuilding  @ http://localhost:3000/_next/static/chunks/src_88339d._.js:424
[94784430ms] [LOG] [VERBOSE] [Fast Refresh] rebuilding  @ http://localhost:3000/_next/static/chunks/src_88339d._.js:424
[94784538ms] [LOG] [VERBOSE] [Fast Refresh] rebuilding  @ http://localhost:3000/_next/static/chunks/src_88339d._.js:424
[94785110ms] [ERROR] Failed to load resource: the server responded with a status of 500 (Internal Server Error) @ http://localhost:3000/auth/signin:0
[94785115ms] [LOG] [VERBOSE] [Fast Refresh] rebuilding  @ http://localhost:3000/_next/static/chunks/src_88339d._.js:424
[94785115ms] [LOG] [VERBOSE] [Fast Refresh] rebuilding  @ http://localhost:3000/_next/static/chunks/src_88339d._.js:424
[94789318ms] [LOG] [VERBOSE] [Fast Refresh] rebuilding  @ http://localhost:3000/_next/static/chunks/src_88339d._.js:424
[94789398ms] [LOG] [VERBOSE] [Fast Refresh] rebuilding  @ http://localhost:3000/_next/static/chunks/src_88339d._.js:424
[94800448ms] [LOG] [VERBOSE] [Fast Refresh] rebuilding  @ http://localhost:3000/_next/static/chunks/src_88339d._.js:424
[94800536ms] [LOG] [VERBOSE] [Fast Refresh] rebuilding  @ http://localhost:3000/_next/static/chunks/src_88339d._.js:424
[94800724ms] [LOG] [VERBOSE] [Fast Refresh] rebuilding  @ http://localhost:3000/_next/static/chunks/src_88339d._.js:424
[94801347ms] [LOG] [VERBOSE] [Fast Refresh] rebuilding  @ http://localhost:3000/_next/static/chunks/src_88339d._.js:424
[94801349ms] [LOG] [VERBOSE] [Fast Refresh] rebuilding  @ http://localhost:3000/_next/static/chunks/src_88339d._.js:424
[94814326ms] [LOG] [VERBOSE] [Fast Refresh] rebuilding  @ http://localhost:3000/_next/static/chunks/src_88339d._.js:424
[94814423ms] [LOG] [VERBOSE] [Fast Refresh] rebuilding  @ http://localhost:3000/_next/static/chunks/src_88339d._.js:424
[94814490ms] [LOG] [VERBOSE] [Fast Refresh] rebuilding  @ http://localhost:3000/_next/static/chunks/src_88339d._.js:424
[94815104ms] [ERROR] Failed to load resource: the server responded with a status of 500 (Internal Server Error) @ http://localhost:3000/auth/signin:0
[94815105ms] [LOG] [VERBOSE] [Fast Refresh] rebuilding  @ http://localhost:3000/_next/static/chunks/src_88339d._.js:424
[94815105ms] [LOG] [VERBOSE] [Fast Refresh] rebuilding  @ http://localhost:3000/_next/static/chunks/src_88339d._.js:424
[94815106ms] [LOG] [VERBOSE] [Fast Refresh] rebuilding  @ http://localhost:3000/_next/static/chunks/src_88339d._.js:424
[94819296ms] [LOG] [VERBOSE] [Fast Refresh] rebuilding  @ http://localhost:3000/_next/static/chunks/src_88339d._.js:424
[94819378ms] [LOG] [VERBOSE] [Fast Refresh] rebuilding  @ http://localhost:3000/_next/static/chunks/src_88339d._.js:424
[94844327ms] [LOG] [VERBOSE] [Fast Refresh] rebuilding  @ http://localhost:3000/_next/static/chunks/src_88339d._.js:424
[94844424ms] [LOG] [VERBOSE] [Fast Refresh] rebuilding  @ http://localhost:3000/_next/static/chunks/src_88339d._.js:424
[94844486ms] [LOG] [VERBOSE] [Fast Refresh] rebuilding  @ http://localhost:3000/_next/static/chunks/src_88339d._.js:424
[94844538ms] [LOG] [VERBOSE] [Fast Refresh] rebuilding  @ http://localhost:3000/_next/static/chunks/src_88339d._.js:424
[94845083ms] [ERROR] Failed to load resource: the server responded with a status of 500 (Internal Server Error) @ http://localhost:3000/auth/signin:0
[94845084ms] [LOG] [VERBOSE] [Fast Refresh] rebuilding  @ http://localhost:3000/_next/static/chunks/src_88339d._.js:424
[94845085ms] [LOG] [VERBOSE] [Fast Refresh] rebuilding  @ http://localhost:3000/_next/static/chunks/src_88339d._.js:424
[94849291ms] [LOG] [VERBOSE] [Fast Refresh] rebuilding  @ http://localhost:3000/_next/static/chunks/src_88339d._.js:424
[94849324ms] [LOG] [VERBOSE] [Fast Refresh] rebuilding  @ http://localhost:3000/_next/static/chunks/src_88339d._.js:424
[94849405ms] [LOG] [VERBOSE] [Fast Refresh] rebuilding  @ http://localhost:3000/_next/static/chunks/src_88339d._.js:424
[94860304ms] [LOG] [VERBOSE] [Fast Refresh] rebuilding  @ http://localhost:3000/_next/static/chunks/src_88339d._.js:424
[94860413ms] [LOG] [VERBOSE] [Fast Refresh] rebuilding  @ http://localhost:3000/_next/static/chunks/src_88339d._.js:424
[94861003ms] [LOG] [VERBOSE] [Fast Refresh] rebuilding  @ http://localhost:3000/_next/static/chunks/src_88339d._.js:424
[94861004ms] [LOG] [VERBOSE] [Fast Refresh] rebuilding  @ http://localhost:3000/_next/static/chunks/src_88339d._.js:424
[94874330ms] [LOG] [VERBOSE] [Fast Refresh] rebuilding  @ http://localhost:3000/_next/static/chunks/src_88339d._.js:424
[94874392ms] [LOG] [VERBOSE] [Fast Refresh] rebuilding  @ http://localhost:3000/_next/static/chunks/src_88339d._.js:424
[94874441ms] [LOG] [VERBOSE] [Fast Refresh] rebuilding  @ http://localhost:3000/_next/static/chunks/src_88339d._.js:424
[94874555ms] [LOG] [VERBOSE] [Fast Refresh] rebuilding  @ http://localhost:3000/_next/static/chunks/src_88339d._.js:424
[94875066ms] [ERROR] Failed to load resource: the server responded with a status of 500 (Internal Server Error) @ http://localhost:3000/auth/signin:0
[94875068ms] [LOG] [VERBOSE] [Fast Refresh] rebuilding  @ http://localhost:3000/_next/static/chunks/src_88339d._.js:424
[94875069ms] [LOG] [VERBOSE] [Fast Refresh] rebuilding  @ http://localhost:3000/_next/static/chunks/src_88339d._.js:424
[94879338ms] [LOG] [VERBOSE] [Fast Refresh] rebuilding  @ http://localhost:3000/_next/static/chunks/src_88339d._.js:424
[94879403ms] [LOG] [VERBOSE] [Fast Refresh] rebuilding  @ http://localhost:3000/_next/static/chunks/src_88339d._.js:424
[94904331ms] [LOG] [VERBOSE] [Fast Refresh] rebuilding  @ http://localhost:3000/_next/static/chunks/src_88339d._.js:424
[94904395ms] [LOG] [VERBOSE] [Fast Refresh] rebuilding  @ http://localhost:3000/_next/static/chunks/src_88339d._.js:424
[94904448ms] [LOG] [VERBOSE] [Fast Refresh] rebuilding  @ http://localhost:3000/_next/static/chunks/src_88339d._.js:424
[94904541ms] [LOG] [VERBOSE] [Fast Refresh] rebuilding  @ http://localhost:3000/_next/static/chunks/src_88339d._.js:424
[94905180ms] [ERROR] Failed to load resource: the server responded with a status of 500 (Internal Server Error) @ http://localhost:3000/auth/signin:0
[94905181ms] [LOG] [VERBOSE] [Fast Refresh] rebuilding  @ http://localhost:3000/_next/static/chunks/src_88339d._.js:424
[94905182ms] [LOG] [VERBOSE] [Fast Refresh] rebuilding  @ http://localhost:3000/_next/static/chunks/src_88339d._.js:424
[94905182ms] [LOG] [VERBOSE] [Fast Refresh] rebuilding  @ http://localhost:3000/_next/static/chunks/src_88339d._.js:424
[94909344ms] [LOG] [VERBOSE] [Fast Refresh] rebuilding  @ http://localhost:3000/_next/static/chunks/src_88339d._.js:424
[94909407ms] [LOG] [VERBOSE] [Fast Refresh] rebuilding  @ http://localhost:3000/_next/static/chunks/src_88339d._.js:424
[94920312ms] [LOG] [VERBOSE] [Fast Refresh] rebuilding  @ http://localhost:3000/_next/static/chunks/src_88339d._.js:424
[94920421ms] [LOG] [VERBOSE] [Fast Refresh] rebuilding  @ http://localhost:3000/_next/static/chunks/src_88339d._.js:424
[94920491ms] [LOG] [VERBOSE] [Fast Refresh] rebuilding  @ http://localhost:3000/_next/static/chunks/src_88339d._.js:424
[94920543ms] [LOG] [VERBOSE] [Fast Refresh] rebuilding  @ http://localhost:3000/_next/static/chunks/src_88339d._.js:424
[94921085ms] [LOG] [VERBOSE] [Fast Refresh] rebuilding  @ http://localhost:3000/_next/static/chunks/src_88339d._.js:424
[94921085ms] [LOG] [VERBOSE] [Fast Refresh] rebuilding  @ http://localhost:3000/_next/static/chunks/src_88339d._.js:424
[94934330ms] [LOG] [VERBOSE] [Fast Refresh] rebuilding  @ http://localhost:3000/_next/static/chunks/src_88339d._.js:424
[94934432ms] [LOG] [VERBOSE] [Fast Refresh] rebuilding  @ http://localhost:3000/_next/static/chunks/src_88339d._.js:424
[94935054ms] [ERROR] Failed to load resource: the server responded with a status of 500 (Internal Server Error) @ http://localhost:3000/auth/signin:0
[94935056ms] [LOG] [VERBOSE] [Fast Refresh] rebuilding  @ http://localhost:3000/_next/static/chunks/src_88339d._.js:424
[94935058ms] [LOG] [VERBOSE] [Fast Refresh] rebuilding  @ http://localhost:3000/_next/static/chunks/src_88339d._.js:424
[94964329ms] [LOG] [VERBOSE] [Fast Refresh] rebuilding  @ http://localhost:3000/_next/static/chunks/src_88339d._.js:424
[94964433ms] [LOG] [VERBOSE] [Fast Refresh] rebuilding  @ http://localhost:3000/_next/static/chunks/src_88339d._.js:424
[94964538ms] [LOG] [VERBOSE] [Fast Refresh] rebuilding  @ http://localhost:3000/_next/static/chunks/src_88339d._.js:424
[94965097ms] [ERROR] Failed to load resource: the server responded with a status of 500 (Internal Server Error) @ http://localhost:3000/auth/signin:0
[94965100ms] [LOG] [VERBOSE] [Fast Refresh] rebuilding  @ http://localhost:3000/_next/static/chunks/src_88339d._.js:424
[94965101ms] [LOG] [VERBOSE] [Fast Refresh] rebuilding  @ http://localhost:3000/_next/static/chunks/src_88339d._.js:424
[94968360ms] [LOG] [VERBOSE] [Fast Refresh] rebuilding  @ http://localhost:3000/_next/static/chunks/src_88339d._.js:424
[94968427ms] [LOG] [VERBOSE] [Fast Refresh] rebuilding  @ http://localhost:3000/_next/static/chunks/src_88339d._.js:424
[94980329ms] [LOG] [VERBOSE] [Fast Refresh] rebuilding  @ http://localhost:3000/_next/static/chunks/src_88339d._.js:424
[94980445ms] [LOG] [VERBOSE] [Fast Refresh] rebuilding  @ http://localhost:3000/_next/static/chunks/src_88339d._.js:424
[94981033ms] [LOG] [VERBOSE] [Fast Refresh] rebuilding  @ http://localhost:3000/_next/static/chunks/src_88339d._.js:424
[94981034ms] [LOG] [VERBOSE] [Fast Refresh] rebuilding  @ http://localhost:3000/_next/static/chunks/src_88339d._.js:424
[94994328ms] [LOG] [VERBOSE] [Fast Refresh] rebuilding  @ http://localhost:3000/_next/static/chunks/src_88339d._.js:424
[94994437ms] [LOG] [VERBOSE] [Fast Refresh] rebuilding  @ http://localhost:3000/_next/static/chunks/src_88339d._.js:424
[94994511ms] [LOG] [VERBOSE] [Fast Refresh] rebuilding  @ http://localhost:3000/_next/static/chunks/src_88339d._.js:424
[94995154ms] [ERROR] Failed to load resource: the server responded with a status of 500 (Internal Server Error) @ http://localhost:3000/auth/signin:0
[94995155ms] [LOG] [VERBOSE] [Fast Refresh] rebuilding  @ http://localhost:3000/_next/static/chunks/src_88339d._.js:424
[94995156ms] [LOG] [VERBOSE] [Fast Refresh] rebuilding  @ http://localhost:3000/_next/static/chunks/src_88339d._.js:424
[95024355ms] [LOG] [VERBOSE] [Fast Refresh] rebuilding  @ http://localhost:3000/_next/static/chunks/src_88339d._.js:424
[95024503ms] [LOG] [VERBOSE] [Fast Refresh] rebuilding  @ http://localhost:3000/_next/static/chunks/src_88339d._.js:424
[95024582ms] [LOG] [VERBOSE] [Fast Refresh] rebuilding  @ http://localhost:3000/_next/static/chunks/src_88339d._.js:424
[95024721ms] [LOG] [VERBOSE] [Fast Refresh] rebuilding  @ http://localhost:3000/_next/static/chunks/src_88339d._.js:424
[95025305ms] [ERROR] Failed to load resource: the server responded with a status of 500 (Internal Server Error) @ http://localhost:3000/auth/signin:0
[95025307ms] [LOG] [VERBOSE] [Fast Refresh] rebuilding  @ http://localhost:3000/_next/static/chunks/src_88339d._.js:424
[95025308ms] [LOG] [VERBOSE] [Fast Refresh] rebuilding  @ http://localhost:3000/_next/static/chunks/src_88339d._.js:424
[95025677ms] [INFO] %cDownload the React DevTools for a better development experience: https://react.dev/link/react-devtools font-weight:bold @ http://localhost:3000/_next/static/chunks/node_modules_next_dist_compiled_react-dom_1f56dc._.js:13948
[95025731ms] [WARNING] Image with src "/EllipseBg.svg" has legacy prop "layout". Did you forget to run the codemod?
Read more: https://nextjs.org/docs/messages/next-image-upgrade-to-13 @ http://localhost:3000/_next/static/chunks/node_modules_next_dist_4bb10e._.js:638
[95025748ms] [LOG] [VERBOSE] Idle timer set for 5 minutes  @ http://localhost:3000/_next/static/chunks/src_88339d._.js:424
[95025761ms] [WARNING] [WARN] Image with src "http://localhost:3000/logos/gil_logo.svg" has either width or height modified, but not the other. If you use CSS to change the size of your image, also include the styles 'width: "auto"' or 'height: "auto"' to maintain the aspect ratio.  @ http://localhost:3000/_next/static/chunks/src_88339d._.js:453
[95025805ms] [LOG] [VERBOSE] [Fast Refresh] rebuilding  @ http://localhost:3000/_next/static/chunks/src_88339d._.js:424
[95025963ms] [LOG] [VERBOSE] [Fast Refresh] rebuilding  @ http://localhost:3000/_next/static/chunks/src_88339d._.js:424
[95026076ms] [LOG] [VERBOSE] [Fast Refresh] rebuilding  @ http://localhost:3000/_next/static/chunks/src_88339d._.js:424
[95026615ms] [ERROR] Failed to load resource: the server responded with a status of 500 (Internal Server Error) @ http://localhost:3000/auth/signin:0
[95026617ms] [LOG] [VERBOSE] [Fast Refresh] rebuilding  @ http://localhost:3000/_next/static/chunks/src_88339d._.js:424
[95026620ms] [LOG] [VERBOSE] [Fast Refresh] rebuilding  @ http://localhost:3000/_next/static/chunks/src_88339d._.js:424
[95029363ms] [LOG] [VERBOSE] [Fast Refresh] rebuilding  @ http://localhost:3000/_next/static/chunks/src_88339d._.js:424
[95029398ms] [LOG] [VERBOSE] [Fast Refresh] rebuilding  @ http://localhost:3000/_next/static/chunks/src_88339d._.js:424
[95029541ms] [LOG] [VERBOSE] [Fast Refresh] rebuilding  @ http://localhost:3000/_next/static/chunks/src_88339d._.js:424
[95031743ms] [LOG] [VERBOSE] [Fast Refresh] rebuilding  @ http://localhost:3000/_next/static/chunks/src_88339d._.js:424
[95031786ms] [LOG] [VERBOSE] [Fast Refresh] rebuilding  @ http://localhost:3000/_next/static/chunks/src_88339d._.js:424
[95040317ms] [LOG] [VERBOSE] [Fast Refresh] rebuilding  @ http://localhost:3000/_next/static/chunks/src_88339d._.js:424
[95040399ms] [LOG] [VERBOSE] [Fast Refresh] rebuilding  @ http://localhost:3000/_next/static/chunks/src_88339d._.js:424
[95040462ms] [LOG] [VERBOSE] [Fast Refresh] rebuilding  @ http://localhost:3000/_next/static/chunks/src_88339d._.js:424
[95040558ms] [LOG] [VERBOSE] [Fast Refresh] rebuilding  @ http://localhost:3000/_next/static/chunks/src_88339d._.js:424
[95041338ms] [LOG] [VERBOSE] [Fast Refresh] rebuilding  @ http://localhost:3000/_next/static/chunks/src_88339d._.js:424
[95041339ms] [LOG] [VERBOSE] [Fast Refresh] rebuilding  @ http://localhost:3000/_next/static/chunks/src_88339d._.js:424
[95055773ms] [LOG] [VERBOSE] [Fast Refresh] rebuilding  @ http://localhost:3000/_next/static/chunks/src_88339d._.js:424
[95055871ms] [LOG] [VERBOSE] [Fast Refresh] rebuilding  @ http://localhost:3000/_next/static/chunks/src_88339d._.js:424
[95056456ms] [LOG] [VERBOSE] [Fast Refresh] rebuilding  @ http://localhost:3000/_next/static/chunks/src_88339d._.js:424
[95056456ms] [ERROR] Failed to load resource: the server responded with a status of 500 (Internal Server Error) @ http://localhost:3000/auth/signin:0
[95056458ms] [LOG] [VERBOSE] [Fast Refresh] rebuilding  @ http://localhost:3000/_next/static/chunks/src_88339d._.js:424
[95062349ms] [LOG] [VERBOSE] [Fast Refresh] rebuilding  @ http://localhost:3000/_next/static/chunks/src_88339d._.js:424
[95062412ms] [LOG] [VERBOSE] [Fast Refresh] rebuilding  @ http://localhost:3000/_next/static/chunks/src_88339d._.js:424
[95085768ms] [LOG] [VERBOSE] [Fast Refresh] rebuilding  @ http://localhost:3000/_next/static/chunks/src_88339d._.js:424
[95085871ms] [LOG] [VERBOSE] [Fast Refresh] rebuilding  @ http://localhost:3000/_next/static/chunks/src_88339d._.js:424
[95085944ms] [LOG] [VERBOSE] [Fast Refresh] rebuilding  @ http://localhost:3000/_next/static/chunks/src_88339d._.js:424
[95086555ms] [ERROR] Failed to load resource: the server responded with a status of 500 (Internal Server Error) @ http://localhost:3000/auth/signin:0
[95086555ms] [LOG] [VERBOSE] [Fast Refresh] rebuilding  @ http://localhost:3000/_next/static/chunks/src_88339d._.js:424
[95086556ms] [LOG] [VERBOSE] [Fast Refresh] rebuilding  @ http://localhost:3000/_next/static/chunks/src_88339d._.js:424
[95092301ms] [LOG] [VERBOSE] [Fast Refresh] rebuilding  @ http://localhost:3000/_next/static/chunks/src_88339d._.js:424
[95092350ms] [LOG] [VERBOSE] [Fast Refresh] rebuilding  @ http://localhost:3000/_next/static/chunks/src_88339d._.js:424
[95092399ms] [LOG] [VERBOSE] [Fast Refresh] rebuilding  @ http://localhost:3000/_next/static/chunks/src_88339d._.js:424
[95100311ms] [LOG] [VERBOSE] [Fast Refresh] rebuilding  @ http://localhost:3000/_next/static/chunks/src_88339d._.js:424
[95100385ms] [LOG] [VERBOSE] [Fast Refresh] rebuilding  @ http://localhost:3000/_next/static/chunks/src_88339d._.js:424
[95100433ms] [LOG] [VERBOSE] [Fast Refresh] rebuilding  @ http://localhost:3000/_next/static/chunks/src_88339d._.js:424
[95100559ms] [LOG] [VERBOSE] [Fast Refresh] rebuilding  @ http://localhost:3000/_next/static/chunks/src_88339d._.js:424
[95101085ms] [LOG] [VERBOSE] [Fast Refresh] rebuilding  @ http://localhost:3000/_next/static/chunks/src_88339d._.js:424
[95101085ms] [LOG] [VERBOSE] [Fast Refresh] rebuilding  @ http://localhost:3000/_next/static/chunks/src_88339d._.js:424
[95115777ms] [LOG] [VERBOSE] [Fast Refresh] rebuilding  @ http://localhost:3000/_next/static/chunks/src_88339d._.js:424
[95115878ms] [LOG] [VERBOSE] [Fast Refresh] rebuilding  @ http://localhost:3000/_next/static/chunks/src_88339d._.js:424
[95116533ms] [ERROR] Failed to load resource: the server responded with a status of 500 (Internal Server Error) @ http://localhost:3000/auth/signin:0
[95116534ms] [LOG] [VERBOSE] [Fast Refresh] rebuilding  @ http://localhost:3000/_next/static/chunks/src_88339d._.js:424
[95116536ms] [LOG] [VERBOSE] [Fast Refresh] rebuilding  @ http://localhost:3000/_next/static/chunks/src_88339d._.js:424
[95122336ms] [LOG] [VERBOSE] [Fast Refresh] rebuilding  @ http://localhost:3000/_next/static/chunks/src_88339d._.js:424
[95122382ms] [LOG] [VERBOSE] [Fast Refresh] rebuilding  @ http://localhost:3000/_next/static/chunks/src_88339d._.js:424
[95145768ms] [LOG] [VERBOSE] [Fast Refresh] rebuilding  @ http://localhost:3000/_next/static/chunks/src_88339d._.js:424
[95145856ms] [LOG] [VERBOSE] [Fast Refresh] rebuilding  @ http://localhost:3000/_next/static/chunks/src_88339d._.js:424
[95145978ms] [LOG] [VERBOSE] [Fast Refresh] rebuilding  @ http://localhost:3000/_next/static/chunks/src_88339d._.js:424
[95146613ms] [ERROR] Failed to load resource: the server responded with a status of 500 (Internal Server Error) @ http://localhost:3000/auth/signin:0
[95146615ms] [LOG] [VERBOSE] [Fast Refresh] rebuilding  @ http://localhost:3000/_next/static/chunks/src_88339d._.js:424
[95152412ms] [LOG] [VERBOSE] [Fast Refresh] rebuilding  @ http://localhost:3000/_next/static/chunks/src_88339d._.js:424
[95160311ms] [LOG] [VERBOSE] [Fast Refresh] rebuilding  @ http://localhost:3000/_next/static/chunks/src_88339d._.js:424
[95160420ms] [LOG] [VERBOSE] [Fast Refresh] rebuilding  @ http://localhost:3000/_next/static/chunks/src_88339d._.js:424
[95161117ms] [LOG] [VERBOSE] [Fast Refresh] rebuilding  @ http://localhost:3000/_next/static/chunks/src_88339d._.js:424
[95161119ms] [LOG] [VERBOSE] [Fast Refresh] rebuilding  @ http://localhost:3000/_next/static/chunks/src_88339d._.js:424
[95175773ms] [LOG] [VERBOSE] [Fast Refresh] rebuilding  @ http://localhost:3000/_next/static/chunks/src_88339d._.js:424
[95175870ms] [LOG] [VERBOSE] [Fast Refresh] rebuilding  @ http://localhost:3000/_next/static/chunks/src_88339d._.js:424
[95176395ms] [ERROR] Failed to load resource: the server responded with a status of 500 (Internal Server Error) @ http://localhost:3000/auth/signin:0
[95176395ms] [LOG] [VERBOSE] [Fast Refresh] rebuilding  @ http://localhost:3000/_next/static/chunks/src_88339d._.js:424
[95176395ms] [LOG] [VERBOSE] [Fast Refresh] rebuilding  @ http://localhost:3000/_next/static/chunks/src_88339d._.js:424
[95182345ms] [LOG] [VERBOSE] [Fast Refresh] rebuilding  @ http://localhost:3000/_next/static/chunks/src_88339d._.js:424
[95182443ms] [LOG] [VERBOSE] [Fast Refresh] rebuilding  @ http://localhost:3000/_next/static/chunks/src_88339d._.js:424
[95205777ms] [LOG] [VERBOSE] [Fast Refresh] rebuilding  @ http://localhost:3000/_next/static/chunks/src_88339d._.js:424
[95205838ms] [LOG] [VERBOSE] [Fast Refresh] rebuilding  @ http://localhost:3000/_next/static/chunks/src_88339d._.js:424
[95205950ms] [LOG] [VERBOSE] [Fast Refresh] rebuilding  @ http://localhost:3000/_next/static/chunks/src_88339d._.js:424
[95206004ms] [LOG] [VERBOSE] [Fast Refresh] rebuilding  @ http://localhost:3000/_next/static/chunks/src_88339d._.js:424
[95206565ms] [ERROR] Failed to load resource: the server responded with a status of 500 (Internal Server Error) @ http://localhost:3000/auth/signin:0
[95206570ms] [LOG] [VERBOSE] [Fast Refresh] rebuilding  @ http://localhost:3000/_next/static/chunks/src_88339d._.js:424
[95206570ms] [LOG] [VERBOSE] [Fast Refresh] rebuilding  @ http://localhost:3000/_next/static/chunks/src_88339d._.js:424
[95212301ms] [LOG] [VERBOSE] [Fast Refresh] rebuilding  @ http://localhost:3000/_next/static/chunks/src_88339d._.js:424
[95212336ms] [LOG] [VERBOSE] [Fast Refresh] rebuilding  @ http://localhost:3000/_next/static/chunks/src_88339d._.js:424
[95212397ms] [LOG] [VERBOSE] [Fast Refresh] rebuilding  @ http://localhost:3000/_next/static/chunks/src_88339d._.js:424
[95220303ms] [LOG] [VERBOSE] [Fast Refresh] rebuilding  @ http://localhost:3000/_next/static/chunks/src_88339d._.js:424
[95220406ms] [LOG] [VERBOSE] [Fast Refresh] rebuilding  @ http://localhost:3000/_next/static/chunks/src_88339d._.js:424
[95220989ms] [LOG] [VERBOSE] [Fast Refresh] rebuilding  @ http://localhost:3000/_next/static/chunks/src_88339d._.js:424
[95220990ms] [LOG] [VERBOSE] [Fast Refresh] rebuilding  @ http://localhost:3000/_next/static/chunks/src_88339d._.js:424
[95235768ms] [LOG] [VERBOSE] [Fast Refresh] rebuilding  @ http://localhost:3000/_next/static/chunks/src_88339d._.js:424
[95235870ms] [LOG] [VERBOSE] [Fast Refresh] rebuilding  @ http://localhost:3000/_next/static/chunks/src_88339d._.js:424
[95235976ms] [LOG] [VERBOSE] [Fast Refresh] rebuilding  @ http://localhost:3000/_next/static/chunks/src_88339d._.js:424
[95236561ms] [ERROR] Failed to load resource: the server responded with a status of 500 (Internal Server Error) @ http://localhost:3000/auth/signin:0
[95236562ms] [LOG] [VERBOSE] [Fast Refresh] rebuilding  @ http://localhost:3000/_next/static/chunks/src_88339d._.js:424
[95236563ms] [LOG] [VERBOSE] [Fast Refresh] rebuilding  @ http://localhost:3000/_next/static/chunks/src_88339d._.js:424
[95265774ms] [LOG] [VERBOSE] [Fast Refresh] rebuilding  @ http://localhost:3000/_next/static/chunks/src_88339d._.js:424
[95265833ms] [LOG] [VERBOSE] [Fast Refresh] rebuilding  @ http://localhost:3000/_next/static/chunks/src_88339d._.js:424
[95265878ms] [LOG] [VERBOSE] [Fast Refresh] rebuilding  @ http://localhost:3000/_next/static/chunks/src_88339d._.js:424
[95266034ms] [LOG] [VERBOSE] [Fast Refresh] rebuilding  @ http://localhost:3000/_next/static/chunks/src_88339d._.js:424
[95266713ms] [ERROR] Failed to load resource: the server responded with a status of 500 (Internal Server Error) @ http://localhost:3000/auth/signin:0
[95266714ms] [LOG] [VERBOSE] [Fast Refresh] rebuilding  @ http://localhost:3000/_next/static/chunks/src_88339d._.js:424
[95266714ms] [LOG] [VERBOSE] [Fast Refresh] rebuilding  @ http://localhost:3000/_next/static/chunks/src_88339d._.js:424
[95271345ms] [LOG] [VERBOSE] [Fast Refresh] rebuilding  @ http://localhost:3000/_next/static/chunks/src_88339d._.js:424
[95271424ms] [LOG] [VERBOSE] [Fast Refresh] rebuilding  @ http://localhost:3000/_next/static/chunks/src_88339d._.js:424
[95280310ms] [LOG] [VERBOSE] [Fast Refresh] rebuilding  @ http://localhost:3000/_next/static/chunks/src_88339d._.js:424
[95280430ms] [LOG] [VERBOSE] [Fast Refresh] rebuilding  @ http://localhost:3000/_next/static/chunks/src_88339d._.js:424
[95280534ms] [LOG] [VERBOSE] [Fast Refresh] rebuilding  @ http://localhost:3000/_next/static/chunks/src_88339d._.js:424
[95281176ms] [LOG] [VERBOSE] [Fast Refresh] rebuilding  @ http://localhost:3000/_next/static/chunks/src_88339d._.js:424
[95281178ms] [LOG] [VERBOSE] [Fast Refresh] rebuilding  @ http://localhost:3000/_next/static/chunks/src_88339d._.js:424
[95295764ms] [LOG] [VERBOSE] [Fast Refresh] rebuilding  @ http://localhost:3000/_next/static/chunks/src_88339d._.js:424
[95295863ms] [LOG] [VERBOSE] [Fast Refresh] rebuilding  @ http://localhost:3000/_next/static/chunks/src_88339d._.js:424
[95296406ms] [ERROR] Failed to load resource: the server responded with a status of 500 (Internal Server Error) @ http://localhost:3000/auth/signin:0
[95296407ms] [LOG] [VERBOSE] [Fast Refresh] rebuilding  @ http://localhost:3000/_next/static/chunks/src_88339d._.js:424
[95296407ms] [LOG] [VERBOSE] [Fast Refresh] rebuilding  @ http://localhost:3000/_next/static/chunks/src_88339d._.js:424
[95325778ms] [LOG] [VERBOSE] [Fast Refresh] rebuilding  @ http://localhost:3000/_next/static/chunks/src_88339d._.js:424
[95325976ms] [LOG] [VERBOSE] [Fast Refresh] rebuilding  @ http://localhost:3000/_next/static/chunks/src_88339d._.js:424
[95326076ms] [LOG] [VERBOSE] [Fast Refresh] rebuilding  @ http://localhost:3000/_next/static/chunks/src_88339d._.js:424
[95326229ms] [LOG] [VERBOSE] [Fast Refresh] rebuilding  @ http://localhost:3000/_next/static/chunks/src_88339d._.js:424
[95326924ms] [ERROR] Failed to load resource: the server responded with a status of 500 (Internal Server Error) @ http://localhost:3000/auth/signin:0
[95326925ms] [LOG] [VERBOSE] [Fast Refresh] rebuilding  @ http://localhost:3000/_next/static/chunks/src_88339d._.js:424
[95326926ms] [LOG] [VERBOSE] [Fast Refresh] rebuilding  @ http://localhost:3000/_next/static/chunks/src_88339d._.js:424
[95327410ms] [INFO] %cDownload the React DevTools for a better development experience: https://react.dev/link/react-devtools font-weight:bold @ http://localhost:3000/_next/static/chunks/node_modules_next_dist_compiled_react-dom_1f56dc._.js:13948
[95327472ms] [WARNING] Image with src "/EllipseBg.svg" has legacy prop "layout". Did you forget to run the codemod?
Read more: https://nextjs.org/docs/messages/next-image-upgrade-to-13 @ http://localhost:3000/_next/static/chunks/node_modules_next_dist_4bb10e._.js:638
[95327491ms] [LOG] [VERBOSE] Idle timer set for 5 minutes  @ http://localhost:3000/_next/static/chunks/src_88339d._.js:424
[95327504ms] [WARNING] [WARN] Image with src "http://localhost:3000/logos/gil_logo.svg" has either width or height modified, but not the other. If you use CSS to change the size of your image, also include the styles 'width: "auto"' or 'height: "auto"' to maintain the aspect ratio.  @ http://localhost:3000/_next/static/chunks/src_88339d._.js:453
[95327560ms] [LOG] [VERBOSE] [Fast Refresh] rebuilding  @ http://localhost:3000/_next/static/chunks/src_88339d._.js:424
[95327714ms] [LOG] [VERBOSE] [Fast Refresh] rebuilding  @ http://localhost:3000/_next/static/chunks/src_88339d._.js:424
[95327889ms] [LOG] [VERBOSE] [Fast Refresh] rebuilding  @ http://localhost:3000/_next/static/chunks/src_88339d._.js:424
[95328517ms] [ERROR] Failed to load resource: the server responded with a status of 500 (Internal Server Error) @ http://localhost:3000/auth/signin:0
[95328520ms] [LOG] [VERBOSE] [Fast Refresh] rebuilding  @ http://localhost:3000/_next/static/chunks/src_88339d._.js:424
[95328521ms] [LOG] [VERBOSE] [Fast Refresh] rebuilding  @ http://localhost:3000/_next/static/chunks/src_88339d._.js:424
[95332400ms] [LOG] [VERBOSE] [Fast Refresh] rebuilding  @ http://localhost:3000/_next/static/chunks/src_88339d._.js:424
[95332463ms] [LOG] [VERBOSE] [Fast Refresh] rebuilding  @ http://localhost:3000/_next/static/chunks/src_88339d._.js:424
[95332541ms] [LOG] [VERBOSE] [Fast Refresh] rebuilding  @ http://localhost:3000/_next/static/chunks/src_88339d._.js:424
[95334517ms] [LOG] [VERBOSE] [Fast Refresh] rebuilding  @ http://localhost:3000/_next/static/chunks/src_88339d._.js:424
[95334583ms] [LOG] [VERBOSE] [Fast Refresh] rebuilding  @ http://localhost:3000/_next/static/chunks/src_88339d._.js:424
[95334661ms] [LOG] [VERBOSE] [Fast Refresh] rebuilding  @ http://localhost:3000/_next/static/chunks/src_88339d._.js:424
[95340300ms] [LOG] [VERBOSE] [Fast Refresh] rebuilding  @ http://localhost:3000/_next/static/chunks/src_88339d._.js:424
[95340418ms] [LOG] [VERBOSE] [Fast Refresh] rebuilding  @ http://localhost:3000/_next/static/chunks/src_88339d._.js:424
[95340494ms] [LOG] [VERBOSE] [Fast Refresh] rebuilding  @ http://localhost:3000/_next/static/chunks/src_88339d._.js:424
[95341142ms] [LOG] [VERBOSE] [Fast Refresh] rebuilding  @ http://localhost:3000/_next/static/chunks/src_88339d._.js:424
[95341142ms] [LOG] [VERBOSE] [Fast Refresh] rebuilding  @ http://localhost:3000/_next/static/chunks/src_88339d._.js:424
[95357522ms] [LOG] [VERBOSE] [Fast Refresh] rebuilding  @ http://localhost:3000/_next/static/chunks/src_88339d._.js:424
[95357602ms] [LOG] [VERBOSE] [Fast Refresh] rebuilding  @ http://localhost:3000/_next/static/chunks/src_88339d._.js:424
[95357731ms] [LOG] [VERBOSE] [Fast Refresh] rebuilding  @ http://localhost:3000/_next/static/chunks/src_88339d._.js:424
[95358280ms] [ERROR] Failed to load resource: the server responded with a status of 500 (Internal Server Error) @ http://localhost:3000/auth/signin:0
[95358282ms] [LOG] [VERBOSE] [Fast Refresh] rebuilding  @ http://localhost:3000/_next/static/chunks/src_88339d._.js:424
[95358283ms] [LOG] [VERBOSE] [Fast Refresh] rebuilding  @ http://localhost:3000/_next/static/chunks/src_88339d._.js:424
[95365343ms] [LOG] [VERBOSE] [Fast Refresh] rebuilding  @ http://localhost:3000/_next/static/chunks/src_88339d._.js:424
[95365424ms] [LOG] [VERBOSE] [Fast Refresh] rebuilding  @ http://localhost:3000/_next/static/chunks/src_88339d._.js:424
[95387521ms] [LOG] [VERBOSE] [Fast Refresh] rebuilding  @ http://localhost:3000/_next/static/chunks/src_88339d._.js:424
[95387636ms] [LOG] [VERBOSE] [Fast Refresh] rebuilding  @ http://localhost:3000/_next/static/chunks/src_88339d._.js:424
[95387757ms] [LOG] [VERBOSE] [Fast Refresh] rebuilding  @ http://localhost:3000/_next/static/chunks/src_88339d._.js:424
[95388378ms] [ERROR] Failed to load resource: the server responded with a status of 500 (Internal Server Error) @ http://localhost:3000/auth/signin:0
[95388381ms] [LOG] [VERBOSE] [Fast Refresh] rebuilding  @ http://localhost:3000/_next/static/chunks/src_88339d._.js:424
[95388382ms] [LOG] [VERBOSE] [Fast Refresh] rebuilding  @ http://localhost:3000/_next/static/chunks/src_88339d._.js:424
[95395371ms] [LOG] [VERBOSE] [Fast Refresh] rebuilding  @ http://localhost:3000/_next/static/chunks/src_88339d._.js:424
[95395428ms] [LOG] [VERBOSE] [Fast Refresh] rebuilding  @ http://localhost:3000/_next/static/chunks/src_88339d._.js:424
[95395468ms] [LOG] [VERBOSE] [Fast Refresh] rebuilding  @ http://localhost:3000/_next/static/chunks/src_88339d._.js:424
[95395509ms] [LOG] [VERBOSE] [Fast Refresh] rebuilding  @ http://localhost:3000/_next/static/chunks/src_88339d._.js:424
[95400294ms] [LOG] [VERBOSE] [Fast Refresh] rebuilding  @ http://localhost:3000/_next/static/chunks/src_88339d._.js:424
[95400383ms] [LOG] [VERBOSE] [Fast Refresh] rebuilding  @ http://localhost:3000/_next/static/chunks/src_88339d._.js:424
[95400475ms] [LOG] [VERBOSE] [Fast Refresh] rebuilding  @ http://localhost:3000/_next/static/chunks/src_88339d._.js:424
[95401051ms] [LOG] [VERBOSE] [Fast Refresh] rebuilding  @ http://localhost:3000/_next/static/chunks/src_88339d._.js:424
[95401051ms] [LOG] [VERBOSE] [Fast Refresh] rebuilding  @ http://localhost:3000/_next/static/chunks/src_88339d._.js:424
[95417509ms] [LOG] [VERBOSE] [Fast Refresh] rebuilding  @ http://localhost:3000/_next/static/chunks/src_88339d._.js:424
[95417590ms] [LOG] [VERBOSE] [Fast Refresh] rebuilding  @ http://localhost:3000/_next/static/chunks/src_88339d._.js:424
[95417720ms] [LOG] [VERBOSE] [Fast Refresh] rebuilding  @ http://localhost:3000/_next/static/chunks/src_88339d._.js:424
[95418296ms] [ERROR] Failed to load resource: the server responded with a status of 500 (Internal Server Error) @ http://localhost:3000/auth/signin:0
[95418297ms] [LOG] [VERBOSE] [Fast Refresh] rebuilding  @ http://localhost:3000/_next/static/chunks/src_88339d._.js:424
[95418297ms] [LOG] [VERBOSE] [Fast Refresh] rebuilding  @ http://localhost:3000/_next/static/chunks/src_88339d._.js:424
[95425346ms] [LOG] [VERBOSE] [Fast Refresh] rebuilding  @ http://localhost:3000/_next/static/chunks/src_88339d._.js:424
[95425425ms] [LOG] [VERBOSE] [Fast Refresh] rebuilding  @ http://localhost:3000/_next/static/chunks/src_88339d._.js:424
[95447513ms] [LOG] [VERBOSE] [Fast Refresh] rebuilding  @ http://localhost:3000/_next/static/chunks/src_88339d._.js:424
[95447611ms] [LOG] [VERBOSE] [Fast Refresh] rebuilding  @ http://localhost:3000/_next/static/chunks/src_88339d._.js:424
[95448236ms] [ERROR] Failed to load resource: the server responded with a status of 500 (Internal Server Error) @ http://localhost:3000/auth/signin:0
[95448238ms] [LOG] [VERBOSE] [Fast Refresh] rebuilding  @ http://localhost:3000/_next/static/chunks/src_88339d._.js:424
[95448240ms] [LOG] [VERBOSE] [Fast Refresh] rebuilding  @ http://localhost:3000/_next/static/chunks/src_88339d._.js:424
[95455300ms] [LOG] [VERBOSE] [Fast Refresh] rebuilding  @ http://localhost:3000/_next/static/chunks/src_88339d._.js:424
[95455348ms] [LOG] [VERBOSE] [Fast Refresh] rebuilding  @ http://localhost:3000/_next/static/chunks/src_88339d._.js:424
[95455412ms] [LOG] [VERBOSE] [Fast Refresh] rebuilding  @ http://localhost:3000/_next/static/chunks/src_88339d._.js:424
[95460300ms] [LOG] [VERBOSE] [Fast Refresh] rebuilding  @ http://localhost:3000/_next/static/chunks/src_88339d._.js:424
[95460385ms] [LOG] [VERBOSE] [Fast Refresh] rebuilding  @ http://localhost:3000/_next/static/chunks/src_88339d._.js:424
[95460480ms] [LOG] [VERBOSE] [Fast Refresh] rebuilding  @ http://localhost:3000/_next/static/chunks/src_88339d._.js:424
[95461061ms] [LOG] [VERBOSE] [Fast Refresh] rebuilding  @ http://localhost:3000/_next/static/chunks/src_88339d._.js:424
[95461061ms] [LOG] [VERBOSE] [Fast Refresh] rebuilding  @ http://localhost:3000/_next/static/chunks/src_88339d._.js:424
[95477521ms] [LOG] [VERBOSE] [Fast Refresh] rebuilding  @ http://localhost:3000/_next/static/chunks/src_88339d._.js:424
[95477621ms] [LOG] [VERBOSE] [Fast Refresh] rebuilding  @ http://localhost:3000/_next/static/chunks/src_88339d._.js:424
[95477694ms] [LOG] [VERBOSE] [Fast Refresh] rebuilding  @ http://localhost:3000/_next/static/chunks/src_88339d._.js:424
[95477730ms] [LOG] [VERBOSE] [Fast Refresh] rebuilding  @ http://localhost:3000/_next/static/chunks/src_88339d._.js:424
[95478348ms] [ERROR] Failed to load resource: the server responded with a status of 500 (Internal Server Error) @ http://localhost:3000/auth/signin:0
[95478349ms] [LOG] [VERBOSE] [Fast Refresh] rebuilding  @ http://localhost:3000/_next/static/chunks/src_88339d._.js:424
[95478350ms] [LOG] [VERBOSE] [Fast Refresh] rebuilding  @ http://localhost:3000/_next/static/chunks/src_88339d._.js:424
[95485291ms] [LOG] [VERBOSE] [Fast Refresh] rebuilding  @ http://localhost:3000/_next/static/chunks/src_88339d._.js:424
[95485341ms] [LOG] [VERBOSE] [Fast Refresh] rebuilding  @ http://localhost:3000/_next/static/chunks/src_88339d._.js:424
[95485405ms] [LOG] [VERBOSE] [Fast Refresh] rebuilding  @ http://localhost:3000/_next/static/chunks/src_88339d._.js:424
[95507512ms] [LOG] [VERBOSE] [Fast Refresh] rebuilding  @ http://localhost:3000/_next/static/chunks/src_88339d._.js:424
[95507611ms] [LOG] [VERBOSE] [Fast Refresh] rebuilding  @ http://localhost:3000/_next/static/chunks/src_88339d._.js:424
[95507687ms] [LOG] [VERBOSE] [Fast Refresh] rebuilding  @ http://localhost:3000/_next/static/chunks/src_88339d._.js:424
[95508361ms] [ERROR] Failed to load resource: the server responded with a status of 500 (Internal Server Error) @ http://localhost:3000/auth/signin:0
[95508363ms] [LOG] [VERBOSE] [Fast Refresh] rebuilding  @ http://localhost:3000/_next/static/chunks/src_88339d._.js:424
[95508364ms] [LOG] [VERBOSE] [Fast Refresh] rebuilding  @ http://localhost:3000/_next/static/chunks/src_88339d._.js:424
[95515319ms] [LOG] [VERBOSE] [Fast Refresh] rebuilding  @ http://localhost:3000/_next/static/chunks/src_88339d._.js:424
[95520325ms] [LOG] [VERBOSE] [Fast Refresh] rebuilding  @ http://localhost:3000/_next/static/chunks/src_88339d._.js:424
[95520589ms] [LOG] [VERBOSE] [Fast Refresh] rebuilding  @ http://localhost:3000/_next/static/chunks/src_88339d._.js:424
[95520715ms] [LOG] [VERBOSE] [Fast Refresh] rebuilding  @ http://localhost:3000/_next/static/chunks/src_88339d._.js:424
[95520892ms] [LOG] [VERBOSE] [Fast Refresh] rebuilding  @ http://localhost:3000/_next/static/chunks/src_88339d._.js:424
[95521641ms] [LOG] [VERBOSE] [Fast Refresh] rebuilding  @ http://localhost:3000/_next/static/chunks/src_88339d._.js:424
[95521641ms] [LOG] [VERBOSE] [Fast Refresh] rebuilding  @ http://localhost:3000/_next/static/chunks/src_88339d._.js:424
[95537523ms] [LOG] [VERBOSE] [Fast Refresh] rebuilding  @ http://localhost:3000/_next/static/chunks/src_88339d._.js:424
[95537631ms] [LOG] [VERBOSE] [Fast Refresh] rebuilding  @ http://localhost:3000/_next/static/chunks/src_88339d._.js:424
[95538295ms] [ERROR] Failed to load resource: the server responded with a status of 500 (Internal Server Error) @ http://localhost:3000/auth/signin:0
[95538296ms] [LOG] [VERBOSE] [Fast Refresh] rebuilding  @ http://localhost:3000/_next/static/chunks/src_88339d._.js:424
[95538296ms] [LOG] [VERBOSE] [Fast Refresh] rebuilding  @ http://localhost:3000/_next/static/chunks/src_88339d._.js:424
[95538298ms] [LOG] [VERBOSE] [Fast Refresh] rebuilding  @ http://localhost:3000/_next/static/chunks/src_88339d._.js:424
[95567519ms] [LOG] [VERBOSE] [Fast Refresh] rebuilding  @ http://localhost:3000/_next/static/chunks/src_88339d._.js:424
[95567617ms] [LOG] [VERBOSE] [Fast Refresh] rebuilding  @ http://localhost:3000/_next/static/chunks/src_88339d._.js:424
[95567727ms] [LOG] [VERBOSE] [Fast Refresh] rebuilding  @ http://localhost:3000/_next/static/chunks/src_88339d._.js:424
[95568285ms] [ERROR] Failed to load resource: the server responded with a status of 500 (Internal Server Error) @ http://localhost:3000/auth/signin:0
[95568287ms] [LOG] [VERBOSE] [Fast Refresh] rebuilding  @ http://localhost:3000/_next/static/chunks/src_88339d._.js:424
[95568288ms] [LOG] [VERBOSE] [Fast Refresh] rebuilding  @ http://localhost:3000/_next/static/chunks/src_88339d._.js:424
[95574354ms] [LOG] [VERBOSE] [Fast Refresh] rebuilding  @ http://localhost:3000/_next/static/chunks/src_88339d._.js:424
[95574401ms] [LOG] [VERBOSE] [Fast Refresh] rebuilding  @ http://localhost:3000/_next/static/chunks/src_88339d._.js:424
[95580322ms] [LOG] [VERBOSE] [Fast Refresh] rebuilding  @ http://localhost:3000/_next/static/chunks/src_88339d._.js:424
[95580429ms] [LOG] [VERBOSE] [Fast Refresh] rebuilding  @ http://localhost:3000/_next/static/chunks/src_88339d._.js:424
[95581134ms] [LOG] [VERBOSE] [Fast Refresh] rebuilding  @ http://localhost:3000/_next/static/chunks/src_88339d._.js:424
[95581135ms] [LOG] [VERBOSE] [Fast Refresh] rebuilding  @ http://localhost:3000/_next/static/chunks/src_88339d._.js:424
[95597520ms] [LOG] [VERBOSE] [Fast Refresh] rebuilding  @ http://localhost:3000/_next/static/chunks/src_88339d._.js:424
[95597620ms] [LOG] [VERBOSE] [Fast Refresh] rebuilding  @ http://localhost:3000/_next/static/chunks/src_88339d._.js:424
[95597706ms] [LOG] [VERBOSE] [Fast Refresh] rebuilding  @ http://localhost:3000/_next/static/chunks/src_88339d._.js:424
[95598293ms] [ERROR] Failed to load resource: the server responded with a status of 500 (Internal Server Error) @ http://localhost:3000/auth/signin:0
[95598294ms] [LOG] [VERBOSE] [Fast Refresh] rebuilding  @ http://localhost:3000/_next/static/chunks/src_88339d._.js:424
[95598295ms] [LOG] [VERBOSE] [Fast Refresh] rebuilding  @ http://localhost:3000/_next/static/chunks/src_88339d._.js:424
[95627523ms] [LOG] [VERBOSE] [Fast Refresh] rebuilding  @ http://localhost:3000/_next/static/chunks/src_88339d._.js:424
[95627689ms] [LOG] [VERBOSE] [Fast Refresh] rebuilding  @ http://localhost:3000/_next/static/chunks/src_88339d._.js:424
[95627775ms] [LOG] [VERBOSE] [Fast Refresh] rebuilding  @ http://localhost:3000/_next/static/chunks/src_88339d._.js:424
[95627912ms] [LOG] [VERBOSE] [Fast Refresh] rebuilding  @ http://localhost:3000/_next/static/chunks/src_88339d._.js:424
[95627948ms] [LOG] [VERBOSE] [Fast Refresh] rebuilding  @ http://localhost:3000/_next/static/chunks/src_88339d._.js:424
[95628055ms] [LOG] [VERBOSE] [Fast Refresh] rebuilding  @ http://localhost:3000/_next/static/chunks/src_88339d._.js:424
[95628414ms] [INFO] %cDownload the React DevTools for a better development experience: https://react.dev/link/react-devtools font-weight:bold @ http://localhost:3000/_next/static/chunks/node_modules_next_dist_compiled_react-dom_1f56dc._.js:13948
[95628481ms] [WARNING] Image with src "/EllipseBg.svg" has legacy prop "layout". Did you forget to run the codemod?
Read more: https://nextjs.org/docs/messages/next-image-upgrade-to-13 @ http://localhost:3000/_next/static/chunks/node_modules_next_dist_4bb10e._.js:638
[95628499ms] [LOG] [VERBOSE] Idle timer set for 5 minutes  @ http://localhost:3000/_next/static/chunks/src_88339d._.js:424
[95628515ms] [WARNING] [WARN] Image with src "http://localhost:3000/logos/gil_logo.svg" has either width or height modified, but not the other. If you use CSS to change the size of your image, also include the styles 'width: "auto"' or 'height: "auto"' to maintain the aspect ratio.  @ http://localhost:3000/_next/static/chunks/src_88339d._.js:453
[95628569ms] [LOG] [VERBOSE] [Fast Refresh] rebuilding  @ http://localhost:3000/_next/static/chunks/src_88339d._.js:424
[95628684ms] [LOG] [VERBOSE] [Fast Refresh] rebuilding  @ http://localhost:3000/_next/static/chunks/src_88339d._.js:424
[95628743ms] [LOG] [VERBOSE] [Fast Refresh] rebuilding  @ http://localhost:3000/_next/static/chunks/src_88339d._.js:424
[95628873ms] [LOG] [VERBOSE] [Fast Refresh] rebuilding  @ http://localhost:3000/_next/static/chunks/src_88339d._.js:424
[95629671ms] [ERROR] Failed to load resource: the server responded with a status of 500 (Internal Server Error) @ http://localhost:3000/auth/signin:0
[95629674ms] [LOG] [VERBOSE] [Fast Refresh] rebuilding  @ http://localhost:3000/_next/static/chunks/src_88339d._.js:424
[95629674ms] [LOG] [VERBOSE] [Fast Refresh] rebuilding  @ http://localhost:3000/_next/static/chunks/src_88339d._.js:424
[95635374ms] [LOG] [VERBOSE] [Fast Refresh] rebuilding  @ http://localhost:3000/_next/static/chunks/src_88339d._.js:424
[95635471ms] [LOG] [VERBOSE] [Fast Refresh] rebuilding  @ http://localhost:3000/_next/static/chunks/src_88339d._.js:424
[95637427ms] [LOG] [VERBOSE] [Fast Refresh] rebuilding  @ http://localhost:3000/_next/static/chunks/src_88339d._.js:424
[95637478ms] [LOG] [VERBOSE] [Fast Refresh] rebuilding  @ http://localhost:3000/_next/static/chunks/src_88339d._.js:424
[95637571ms] [LOG] [VERBOSE] [Fast Refresh] rebuilding  @ http://localhost:3000/_next/static/chunks/src_88339d._.js:424
[95640327ms] [LOG] [VERBOSE] [Fast Refresh] rebuilding  @ http://localhost:3000/_next/static/chunks/src_88339d._.js:424
[95640418ms] [LOG] [VERBOSE] [Fast Refresh] rebuilding  @ http://localhost:3000/_next/static/chunks/src_88339d._.js:424
[95640463ms] [LOG] [VERBOSE] [Fast Refresh] rebuilding  @ http://localhost:3000/_next/static/chunks/src_88339d._.js:424
[95640587ms] [LOG] [VERBOSE] [Fast Refresh] rebuilding  @ http://localhost:3000/_next/static/chunks/src_88339d._.js:424
[95641510ms] [LOG] [VERBOSE] [Fast Refresh] rebuilding  @ http://localhost:3000/_next/static/chunks/src_88339d._.js:424
[95641510ms] [LOG] [VERBOSE] [Fast Refresh] rebuilding  @ http://localhost:3000/_next/static/chunks/src_88339d._.js:424
[95641511ms] [LOG] [VERBOSE] [Fast Refresh] rebuilding  @ http://localhost:3000/_next/static/chunks/src_88339d._.js:424
[95658529ms] [LOG] [VERBOSE] [Fast Refresh] rebuilding  @ http://localhost:3000/_next/static/chunks/src_88339d._.js:424
[95658635ms] [LOG] [VERBOSE] [Fast Refresh] rebuilding  @ http://localhost:3000/_next/static/chunks/src_88339d._.js:424
[95658716ms] [LOG] [VERBOSE] [Fast Refresh] rebuilding  @ http://localhost:3000/_next/static/chunks/src_88339d._.js:424
[95658749ms] [LOG] [VERBOSE] [Fast Refresh] rebuilding  @ http://localhost:3000/_next/static/chunks/src_88339d._.js:424
[95659317ms] [ERROR] Failed to load resource: the server responded with a status of 500 (Internal Server Error) @ http://localhost:3000/auth/signin:0
[95659321ms] [LOG] [VERBOSE] [Fast Refresh] rebuilding  @ http://localhost:3000/_next/static/chunks/src_88339d._.js:424
[95659321ms] [LOG] [VERBOSE] [Fast Refresh] rebuilding  @ http://localhost:3000/_next/static/chunks/src_88339d._.js:424
[95668313ms] [LOG] [VERBOSE] [Fast Refresh] rebuilding  @ http://localhost:3000/_next/static/chunks/src_88339d._.js:424
[95688514ms] [LOG] [VERBOSE] [Fast Refresh] rebuilding  @ http://localhost:3000/_next/static/chunks/src_88339d._.js:424
[95688609ms] [LOG] [VERBOSE] [Fast Refresh] rebuilding  @ http://localhost:3000/_next/static/chunks/src_88339d._.js:424
[95689188ms] [ERROR] Failed to load resource: the server responded with a status of 500 (Internal Server Error) @ http://localhost:3000/auth/signin:0
[95689189ms] [LOG] [VERBOSE] [Fast Refresh] rebuilding  @ http://localhost:3000/_next/static/chunks/src_88339d._.js:424
[95689189ms] [LOG] [VERBOSE] [Fast Refresh] rebuilding  @ http://localhost:3000/_next/static/chunks/src_88339d._.js:424
[95698360ms] [LOG] [VERBOSE] [Fast Refresh] rebuilding  @ http://localhost:3000/_next/static/chunks/src_88339d._.js:424
[95698437ms] [LOG] [VERBOSE] [Fast Refresh] rebuilding  @ http://localhost:3000/_next/static/chunks/src_88339d._.js:424
[95700337ms] [LOG] [VERBOSE] [Fast Refresh] rebuilding  @ http://localhost:3000/_next/static/chunks/src_88339d._.js:424
[95700422ms] [LOG] [VERBOSE] [Fast Refresh] rebuilding  @ http://localhost:3000/_next/static/chunks/src_88339d._.js:424
[95700491ms] [LOG] [VERBOSE] [Fast Refresh] rebuilding  @ http://localhost:3000/_next/static/chunks/src_88339d._.js:424
[95700611ms] [LOG] [VERBOSE] [Fast Refresh] rebuilding  @ http://localhost:3000/_next/static/chunks/src_88339d._.js:424
[95701279ms] [LOG] [VERBOSE] [Fast Refresh] rebuilding  @ http://localhost:3000/_next/static/chunks/src_88339d._.js:424
[95701280ms] [LOG] [VERBOSE] [Fast Refresh] rebuilding  @ http://localhost:3000/_next/static/chunks/src_88339d._.js:424
[95718528ms] [LOG] [VERBOSE] [Fast Refresh] rebuilding  @ http://localhost:3000/_next/static/chunks/src_88339d._.js:424
[95718612ms] [LOG] [VERBOSE] [Fast Refresh] rebuilding  @ http://localhost:3000/_next/static/chunks/src_88339d._.js:424
[95718707ms] [LOG] [VERBOSE] [Fast Refresh] rebuilding  @ http://localhost:3000/_next/static/chunks/src_88339d._.js:424
[95719207ms] [ERROR] Failed to load resource: the server responded with a status of 500 (Internal Server Error) @ http://localhost:3000/auth/signin:0
[95719208ms] [LOG] [VERBOSE] [Fast Refresh] rebuilding  @ http://localhost:3000/_next/static/chunks/src_88339d._.js:424
[95728351ms] [LOG] [VERBOSE] [Fast Refresh] rebuilding  @ http://localhost:3000/_next/static/chunks/src_88339d._.js:424
[95728433ms] [LOG] [VERBOSE] [Fast Refresh] rebuilding  @ http://localhost:3000/_next/static/chunks/src_88339d._.js:424
[95748528ms] [LOG] [VERBOSE] [Fast Refresh] rebuilding  @ http://localhost:3000/_next/static/chunks/src_88339d._.js:424
[95748627ms] [LOG] [VERBOSE] [Fast Refresh] rebuilding  @ http://localhost:3000/_next/static/chunks/src_88339d._.js:424
[95748734ms] [LOG] [VERBOSE] [Fast Refresh] rebuilding  @ http://localhost:3000/_next/static/chunks/src_88339d._.js:424
[95749307ms] [ERROR] Failed to load resource: the server responded with a status of 500 (Internal Server Error) @ http://localhost:3000/auth/signin:0
[95749311ms] [LOG] [VERBOSE] [Fast Refresh] rebuilding  @ http://localhost:3000/_next/static/chunks/src_88339d._.js:424
[95749311ms] [LOG] [VERBOSE] [Fast Refresh] rebuilding  @ http://localhost:3000/_next/static/chunks/src_88339d._.js:424
[95758353ms] [LOG] [VERBOSE] [Fast Refresh] rebuilding  @ http://localhost:3000/_next/static/chunks/src_88339d._.js:424
[95758416ms] [LOG] [VERBOSE] [Fast Refresh] rebuilding  @ http://localhost:3000/_next/static/chunks/src_88339d._.js:424
[95760327ms] [LOG] [VERBOSE] [Fast Refresh] rebuilding  @ http://localhost:3000/_next/static/chunks/src_88339d._.js:424
[95760405ms] [LOG] [VERBOSE] [Fast Refresh] rebuilding  @ http://localhost:3000/_next/static/chunks/src_88339d._.js:424
[95761089ms] [LOG] [VERBOSE] [Fast Refresh] rebuilding  @ http://localhost:3000/_next/static/chunks/src_88339d._.js:424
[95761090ms] [LOG] [VERBOSE] [Fast Refresh] rebuilding  @ http://localhost:3000/_next/static/chunks/src_88339d._.js:424
[95778526ms] [LOG] [VERBOSE] [Fast Refresh] rebuilding  @ http://localhost:3000/_next/static/chunks/src_88339d._.js:424
[95778634ms] [LOG] [VERBOSE] [Fast Refresh] rebuilding  @ http://localhost:3000/_next/static/chunks/src_88339d._.js:424
[95778741ms] [LOG] [VERBOSE] [Fast Refresh] rebuilding  @ http://localhost:3000/_next/static/chunks/src_88339d._.js:424
[95778777ms] [LOG] [VERBOSE] [Fast Refresh] rebuilding  @ http://localhost:3000/_next/static/chunks/src_88339d._.js:424
[95779454ms] [ERROR] Failed to load resource: the server responded with a status of 500 (Internal Server Error) @ http://localhost:3000/auth/signin:0
[95779456ms] [LOG] [VERBOSE] [Fast Refresh] rebuilding  @ http://localhost:3000/_next/static/chunks/src_88339d._.js:424
[95779457ms] [LOG] [VERBOSE] [Fast Refresh] rebuilding  @ http://localhost:3000/_next/static/chunks/src_88339d._.js:424
[95788359ms] [LOG] [VERBOSE] [Fast Refresh] rebuilding  @ http://localhost:3000/_next/static/chunks/src_88339d._.js:424
[95788405ms] [LOG] [VERBOSE] [Fast Refresh] rebuilding  @ http://localhost:3000/_next/static/chunks/src_88339d._.js:424
[95808528ms] [LOG] [VERBOSE] [Fast Refresh] rebuilding  @ http://localhost:3000/_next/static/chunks/src_88339d._.js:424
[95808623ms] [LOG] [VERBOSE] [Fast Refresh] rebuilding  @ http://localhost:3000/_next/static/chunks/src_88339d._.js:424
[95809241ms] [ERROR] Failed to load resource: the server responded with a status of 500 (Internal Server Error) @ http://localhost:3000/auth/signin:0
[95809242ms] [LOG] [VERBOSE] [Fast Refresh] rebuilding  @ http://localhost:3000/_next/static/chunks/src_88339d._.js:424
[95809243ms] [LOG] [VERBOSE] [Fast Refresh] rebuilding  @ http://localhost:3000/_next/static/chunks/src_88339d._.js:424
[95818296ms] [LOG] [VERBOSE] [Fast Refresh] rebuilding  @ http://localhost:3000/_next/static/chunks/src_88339d._.js:424
[95818408ms] [LOG] [VERBOSE] [Fast Refresh] rebuilding  @ http://localhost:3000/_next/static/chunks/src_88339d._.js:424
[95820301ms] [LOG] [VERBOSE] [Fast Refresh] rebuilding  @ http://localhost:3000/_next/static/chunks/src_88339d._.js:424
[95820406ms] [LOG] [VERBOSE] [Fast Refresh] rebuilding  @ http://localhost:3000/_next/static/chunks/src_88339d._.js:424
[95821005ms] [LOG] [VERBOSE] [Fast Refresh] rebuilding  @ http://localhost:3000/_next/static/chunks/src_88339d._.js:424
[95821006ms] [LOG] [VERBOSE] [Fast Refresh] rebuilding  @ http://localhost:3000/_next/static/chunks/src_88339d._.js:424
[95838523ms] [LOG] [VERBOSE] [Fast Refresh] rebuilding  @ http://localhost:3000/_next/static/chunks/src_88339d._.js:424
[95838626ms] [LOG] [VERBOSE] [Fast Refresh] rebuilding  @ http://localhost:3000/_next/static/chunks/src_88339d._.js:424
[95839375ms] [ERROR] Failed to load resource: the server responded with a status of 500 (Internal Server Error) @ http://localhost:3000/auth/signin:0
[95839375ms] [LOG] [VERBOSE] [Fast Refresh] rebuilding  @ http://localhost:3000/_next/static/chunks/src_88339d._.js:424
[95839377ms] [LOG] [VERBOSE] [Fast Refresh] rebuilding  @ http://localhost:3000/_next/static/chunks/src_88339d._.js:424
[95868522ms] [LOG] [VERBOSE] [Fast Refresh] rebuilding  @ http://localhost:3000/_next/static/chunks/src_88339d._.js:424
[95868606ms] [LOG] [VERBOSE] [Fast Refresh] rebuilding  @ http://localhost:3000/_next/static/chunks/src_88339d._.js:424
[95868720ms] [LOG] [VERBOSE] [Fast Refresh] rebuilding  @ http://localhost:3000/_next/static/chunks/src_88339d._.js:424
[95869360ms] [ERROR] Failed to load resource: the server responded with a status of 500 (Internal Server Error) @ http://localhost:3000/auth/signin:0
[95869362ms] [LOG] [VERBOSE] [Fast Refresh] rebuilding  @ http://localhost:3000/_next/static/chunks/src_88339d._.js:424
[95869363ms] [LOG] [VERBOSE] [Fast Refresh] rebuilding  @ http://localhost:3000/_next/static/chunks/src_88339d._.js:424
[95877341ms] [LOG] [VERBOSE] [Fast Refresh] rebuilding  @ http://localhost:3000/_next/static/chunks/src_88339d._.js:424
[95877404ms] [LOG] [VERBOSE] [Fast Refresh] rebuilding  @ http://localhost:3000/_next/static/chunks/src_88339d._.js:424
[95880335ms] [LOG] [VERBOSE] [Fast Refresh] rebuilding  @ http://localhost:3000/_next/static/chunks/src_88339d._.js:424
[95880410ms] [LOG] [VERBOSE] [Fast Refresh] rebuilding  @ http://localhost:3000/_next/static/chunks/src_88339d._.js:424
[95880471ms] [LOG] [VERBOSE] [Fast Refresh] rebuilding  @ http://localhost:3000/_next/static/chunks/src_88339d._.js:424
[95880586ms] [LOG] [VERBOSE] [Fast Refresh] rebuilding  @ http://localhost:3000/_next/static/chunks/src_88339d._.js:424
[95881381ms] [LOG] [VERBOSE] [Fast Refresh] rebuilding  @ http://localhost:3000/_next/static/chunks/src_88339d._.js:424
[95881382ms] [LOG] [VERBOSE] [Fast Refresh] rebuilding  @ http://localhost:3000/_next/static/chunks/src_88339d._.js:424
[95898524ms] [LOG] [VERBOSE] [Fast Refresh] rebuilding  @ http://localhost:3000/_next/static/chunks/src_88339d._.js:424
[95898617ms] [LOG] [VERBOSE] [Fast Refresh] rebuilding  @ http://localhost:3000/_next/static/chunks/src_88339d._.js:424
[95899190ms] [ERROR] Failed to load resource: the server responded with a status of 500 (Internal Server Error) @ http://localhost:3000/auth/signin:0
[95899190ms] [LOG] [VERBOSE] [Fast Refresh] rebuilding  @ http://localhost:3000/_next/static/chunks/src_88339d._.js:424
[95899191ms] [LOG] [VERBOSE] [Fast Refresh] rebuilding  @ http://localhost:3000/_next/static/chunks/src_88339d._.js:424
[95928531ms] [LOG] [VERBOSE] [Fast Refresh] rebuilding  @ http://localhost:3000/_next/static/chunks/src_88339d._.js:424
[95928710ms] [LOG] [VERBOSE] [Fast Refresh] rebuilding  @ http://localhost:3000/_next/static/chunks/src_88339d._.js:424
[95928793ms] [LOG] [VERBOSE] [Fast Refresh] rebuilding  @ http://localhost:3000/_next/static/chunks/src_88339d._.js:424
[95928932ms] [LOG] [VERBOSE] [Fast Refresh] rebuilding  @ http://localhost:3000/_next/static/chunks/src_88339d._.js:424
[95928969ms] [LOG] [VERBOSE] [Fast Refresh] rebuilding  @ http://localhost:3000/_next/static/chunks/src_88339d._.js:424
[95929532ms] [ERROR] Failed to load resource: the server responded with a status of 500 (Internal Server Error) @ http://localhost:3000/auth/signin:0
[95929534ms] [LOG] [VERBOSE] [Fast Refresh] rebuilding  @ http://localhost:3000/_next/static/chunks/src_88339d._.js:424
[95929913ms] [INFO] %cDownload the React DevTools for a better development experience: https://react.dev/link/react-devtools font-weight:bold @ http://localhost:3000/_next/static/chunks/node_modules_next_dist_compiled_react-dom_1f56dc._.js:13948
[95929968ms] [WARNING] Image with src "/EllipseBg.svg" has legacy prop "layout". Did you forget to run the codemod?
Read more: https://nextjs.org/docs/messages/next-image-upgrade-to-13 @ http://localhost:3000/_next/static/chunks/node_modules_next_dist_4bb10e._.js:638
[95929982ms] [LOG] [VERBOSE] Idle timer set for 5 minutes  @ http://localhost:3000/_next/static/chunks/src_88339d._.js:424
[95929994ms] [WARNING] [WARN] Image with src "http://localhost:3000/logos/gil_logo.svg" has either width or height modified, but not the other. If you use CSS to change the size of your image, also include the styles 'width: "auto"' or 'height: "auto"' to maintain the aspect ratio.  @ http://localhost:3000/_next/static/chunks/src_88339d._.js:453
[95930035ms] [LOG] [VERBOSE] [Fast Refresh] rebuilding  @ http://localhost:3000/_next/static/chunks/src_88339d._.js:424
[95930136ms] [LOG] [VERBOSE] [Fast Refresh] rebuilding  @ http://localhost:3000/_next/static/chunks/src_88339d._.js:424
[95930280ms] [LOG] [VERBOSE] [Fast Refresh] rebuilding  @ http://localhost:3000/_next/static/chunks/src_88339d._.js:424
[95930817ms] [ERROR] Failed to load resource: the server responded with a status of 500 (Internal Server Error) @ http://localhost:3000/auth/signin:0
[95930818ms] [LOG] [VERBOSE] [Fast Refresh] rebuilding  @ http://localhost:3000/_next/static/chunks/src_88339d._.js:424
[95930820ms] [LOG] [VERBOSE] [Fast Refresh] rebuilding  @ http://localhost:3000/_next/static/chunks/src_88339d._.js:424
[95938342ms] [LOG] [VERBOSE] [Fast Refresh] rebuilding  @ http://localhost:3000/_next/static/chunks/src_88339d._.js:424
[95938390ms] [LOG] [VERBOSE] [Fast Refresh] rebuilding  @ http://localhost:3000/_next/static/chunks/src_88339d._.js:424
[95938471ms] [LOG] [VERBOSE] [Fast Refresh] rebuilding  @ http://localhost:3000/_next/static/chunks/src_88339d._.js:424
[95940374ms] [LOG] [VERBOSE] [Fast Refresh] rebuilding  @ http://localhost:3000/_next/static/chunks/src_88339d._.js:424
[95940546ms] [LOG] [VERBOSE] [Fast Refresh] rebuilding  @ http://localhost:3000/_next/static/chunks/src_88339d._.js:424
[95940684ms] [LOG] [VERBOSE] [Fast Refresh] rebuilding  @ http://localhost:3000/_next/static/chunks/src_88339d._.js:424
[95941451ms] [LOG] [VERBOSE] [Fast Refresh] rebuilding  @ http://localhost:3000/_next/static/chunks/src_88339d._.js:424
[95941452ms] [LOG] [VERBOSE] [Fast Refresh] rebuilding  @ http://localhost:3000/_next/static/chunks/src_88339d._.js:424
[95941452ms] [LOG] [VERBOSE] [Fast Refresh] rebuilding  @ http://localhost:3000/_next/static/chunks/src_88339d._.js:424
[95960006ms] [LOG] [VERBOSE] [Fast Refresh] rebuilding  @ http://localhost:3000/_next/static/chunks/src_88339d._.js:424
[95960106ms] [LOG] [VERBOSE] [Fast Refresh] rebuilding  @ http://localhost:3000/_next/static/chunks/src_88339d._.js:424
[95960213ms] [LOG] [VERBOSE] [Fast Refresh] rebuilding  @ http://localhost:3000/_next/static/chunks/src_88339d._.js:424
[95960944ms] [ERROR] Failed to load resource: the server responded with a status of 500 (Internal Server Error) @ http://localhost:3000/auth/signin:0
[95960946ms] [LOG] [VERBOSE] [Fast Refresh] rebuilding  @ http://localhost:3000/_next/static/chunks/src_88339d._.js:424
[95960948ms] [LOG] [VERBOSE] [Fast Refresh] rebuilding  @ http://localhost:3000/_next/static/chunks/src_88339d._.js:424
[95971297ms] [LOG] [VERBOSE] [Fast Refresh] rebuilding  @ http://localhost:3000/_next/static/chunks/src_88339d._.js:424
[95971395ms] [LOG] [VERBOSE] [Fast Refresh] rebuilding  @ http://localhost:3000/_next/static/chunks/src_88339d._.js:424
[95990015ms] [LOG] [VERBOSE] [Fast Refresh] rebuilding  @ http://localhost:3000/_next/static/chunks/src_88339d._.js:424
[95990093ms] [LOG] [VERBOSE] [Fast Refresh] rebuilding  @ http://localhost:3000/_next/static/chunks/src_88339d._.js:424
[95990187ms] [LOG] [VERBOSE] [Fast Refresh] rebuilding  @ http://localhost:3000/_next/static/chunks/src_88339d._.js:424
[95990756ms] [ERROR] Failed to load resource: the server responded with a status of 500 (Internal Server Error) @ http://localhost:3000/auth/signin:0
[95990757ms] [LOG] [VERBOSE] [Fast Refresh] rebuilding  @ http://localhost:3000/_next/static/chunks/src_88339d._.js:424
[95990757ms] [LOG] [VERBOSE] [Fast Refresh] rebuilding  @ http://localhost:3000/_next/static/chunks/src_88339d._.js:424
[96000302ms] [LOG] [VERBOSE] [Fast Refresh] rebuilding  @ http://localhost:3000/_next/static/chunks/src_88339d._.js:424
[96000371ms] [LOG] [VERBOSE] [Fast Refresh] rebuilding  @ http://localhost:3000/_next/static/chunks/src_88339d._.js:424
[96001158ms] [LOG] [VERBOSE] [Fast Refresh] rebuilding  @ http://localhost:3000/_next/static/chunks/src_88339d._.js:424
[96001159ms] [LOG] [VERBOSE] [Fast Refresh] rebuilding  @ http://localhost:3000/_next/static/chunks/src_88339d._.js:424
[96001384ms] [LOG] [VERBOSE] [Fast Refresh] rebuilding  @ http://localhost:3000/_next/static/chunks/src_88339d._.js:424
[96001463ms] [LOG] [VERBOSE] [Fast Refresh] rebuilding  @ http://localhost:3000/_next/static/chunks/src_88339d._.js:424
[96020011ms] [LOG] [VERBOSE] [Fast Refresh] rebuilding  @ http://localhost:3000/_next/static/chunks/src_88339d._.js:424
[96020108ms] [LOG] [VERBOSE] [Fast Refresh] rebuilding  @ http://localhost:3000/_next/static/chunks/src_88339d._.js:424
[96020186ms] [LOG] [VERBOSE] [Fast Refresh] rebuilding  @ http://localhost:3000/_next/static/chunks/src_88339d._.js:424
[96020775ms] [ERROR] Failed to load resource: the server responded with a status of 500 (Internal Server Error) @ http://localhost:3000/auth/signin:0
[96020777ms] [LOG] [VERBOSE] [Fast Refresh] rebuilding  @ http://localhost:3000/_next/static/chunks/src_88339d._.js:424
[96020778ms] [LOG] [VERBOSE] [Fast Refresh] rebuilding  @ http://localhost:3000/_next/static/chunks/src_88339d._.js:424
[96031312ms] [LOG] [VERBOSE] [Fast Refresh] rebuilding  @ http://localhost:3000/_next/static/chunks/src_88339d._.js:424
[96031407ms] [LOG] [VERBOSE] [Fast Refresh] rebuilding  @ http://localhost:3000/_next/static/chunks/src_88339d._.js:424
[96050011ms] [LOG] [VERBOSE] [Fast Refresh] rebuilding  @ http://localhost:3000/_next/static/chunks/src_88339d._.js:424
[96050109ms] [LOG] [VERBOSE] [Fast Refresh] rebuilding  @ http://localhost:3000/_next/static/chunks/src_88339d._.js:424
[96050787ms] [ERROR] Failed to load resource: the server responded with a status of 500 (Internal Server Error) @ http://localhost:3000/auth/signin:0
[96050788ms] [LOG] [VERBOSE] [Fast Refresh] rebuilding  @ http://localhost:3000/_next/static/chunks/src_88339d._.js:424
[96050788ms] [LOG] [VERBOSE] [Fast Refresh] rebuilding  @ http://localhost:3000/_next/static/chunks/src_88339d._.js:424
[96060306ms] [LOG] [VERBOSE] [Fast Refresh] rebuilding  @ http://localhost:3000/_next/static/chunks/src_88339d._.js:424
[96060374ms] [LOG] [VERBOSE] [Fast Refresh] rebuilding  @ http://localhost:3000/_next/static/chunks/src_88339d._.js:424
[96060427ms] [LOG] [VERBOSE] [Fast Refresh] rebuilding  @ http://localhost:3000/_next/static/chunks/src_88339d._.js:424
[96061177ms] [LOG] [VERBOSE] [Fast Refresh] rebuilding  @ http://localhost:3000/_next/static/chunks/src_88339d._.js:424
[96061178ms] [LOG] [VERBOSE] [Fast Refresh] rebuilding  @ http://localhost:3000/_next/static/chunks/src_88339d._.js:424
[96061380ms] [LOG] [VERBOSE] [Fast Refresh] rebuilding  @ http://localhost:3000/_next/static/chunks/src_88339d._.js:424
[96061424ms] [LOG] [VERBOSE] [Fast Refresh] rebuilding  @ http://localhost:3000/_next/static/chunks/src_88339d._.js:424
[96080003ms] [LOG] [VERBOSE] [Fast Refresh] rebuilding  @ http://localhost:3000/_next/static/chunks/src_88339d._.js:424
[96080058ms] [LOG] [VERBOSE] [Fast Refresh] rebuilding  @ http://localhost:3000/_next/static/chunks/src_88339d._.js:424
[96080640ms] [ERROR] Failed to load resource: the server responded with a status of 500 (Internal Server Error) @ http://localhost:3000/auth/signin:0
[96080641ms] [LOG] [VERBOSE] [Fast Refresh] rebuilding  @ http://localhost:3000/_next/static/chunks/src_88339d._.js:424
[96080641ms] [LOG] [VERBOSE] [Fast Refresh] rebuilding  @ http://localhost:3000/_next/static/chunks/src_88339d._.js:424
[96091350ms] [LOG] [VERBOSE] [Fast Refresh] rebuilding  @ http://localhost:3000/_next/static/chunks/src_88339d._.js:424
[96110016ms] [LOG] [VERBOSE] [Fast Refresh] rebuilding  @ http://localhost:3000/_next/static/chunks/src_88339d._.js:424
[96110141ms] [LOG] [VERBOSE] [Fast Refresh] rebuilding  @ http://localhost:3000/_next/static/chunks/src_88339d._.js:424
[96110269ms] [LOG] [VERBOSE] [Fast Refresh] rebuilding  @ http://localhost:3000/_next/static/chunks/src_88339d._.js:424
[96110944ms] [ERROR] Failed to load resource: the server responded with a status of 500 (Internal Server Error) @ http://localhost:3000/auth/signin:0
[96110947ms] [LOG] [VERBOSE] [Fast Refresh] rebuilding  @ http://localhost:3000/_next/static/chunks/src_88339d._.js:424
[96110948ms] [LOG] [VERBOSE] [Fast Refresh] rebuilding  @ http://localhost:3000/_next/static/chunks/src_88339d._.js:424
[96120296ms] [LOG] [VERBOSE] [Fast Refresh] rebuilding  @ http://localhost:3000/_next/static/chunks/src_88339d._.js:424
[96120416ms] [LOG] [VERBOSE] [Fast Refresh] rebuilding  @ http://localhost:3000/_next/static/chunks/src_88339d._.js:424
[96120507ms] [LOG] [VERBOSE] [Fast Refresh] rebuilding  @ http://localhost:3000/_next/static/chunks/src_88339d._.js:424
[96121095ms] [LOG] [VERBOSE] [Fast Refresh] rebuilding  @ http://localhost:3000/_next/static/chunks/src_88339d._.js:424
[96121096ms] [LOG] [VERBOSE] [Fast Refresh] rebuilding  @ http://localhost:3000/_next/static/chunks/src_88339d._.js:424
[96121330ms] [LOG] [VERBOSE] [Fast Refresh] rebuilding  @ http://localhost:3000/_next/static/chunks/src_88339d._.js:424
[96121426ms] [LOG] [VERBOSE] [Fast Refresh] rebuilding  @ http://localhost:3000/_next/static/chunks/src_88339d._.js:424
[96140015ms] [LOG] [VERBOSE] [Fast Refresh] rebuilding  @ http://localhost:3000/_next/static/chunks/src_88339d._.js:424
[96140076ms] [LOG] [VERBOSE] [Fast Refresh] rebuilding  @ http://localhost:3000/_next/static/chunks/src_88339d._.js:424
[96140721ms] [ERROR] Failed to load resource: the server responded with a status of 500 (Internal Server Error) @ http://localhost:3000/auth/signin:0
[96140722ms] [LOG] [VERBOSE] [Fast Refresh] rebuilding  @ http://localhost:3000/_next/static/chunks/src_88339d._.js:424
[96140723ms] [LOG] [VERBOSE] [Fast Refresh] rebuilding  @ http://localhost:3000/_next/static/chunks/src_88339d._.js:424
[96169998ms] [LOG] [VERBOSE] [Fast Refresh] rebuilding  @ http://localhost:3000/_next/static/chunks/src_88339d._.js:424
[96170050ms] [LOG] [VERBOSE] [Fast Refresh] rebuilding  @ http://localhost:3000/_next/static/chunks/src_88339d._.js:424
[96170720ms] [ERROR] Failed to load resource: the server responded with a status of 500 (Internal Server Error) @ http://localhost:3000/auth/signin:0
[96170723ms] [LOG] [VERBOSE] [Fast Refresh] rebuilding  @ http://localhost:3000/_next/static/chunks/src_88339d._.js:424
[96170724ms] [LOG] [VERBOSE] [Fast Refresh] rebuilding  @ http://localhost:3000/_next/static/chunks/src_88339d._.js:424
[96170724ms] [LOG] [VERBOSE] [Fast Refresh] rebuilding  @ http://localhost:3000/_next/static/chunks/src_88339d._.js:424
[96180357ms] [LOG] [VERBOSE] [Fast Refresh] rebuilding  @ http://localhost:3000/_next/static/chunks/src_88339d._.js:424
[96180528ms] [LOG] [VERBOSE] [Fast Refresh] rebuilding  @ http://localhost:3000/_next/static/chunks/src_88339d._.js:424
[96180655ms] [LOG] [VERBOSE] [Fast Refresh] rebuilding  @ http://localhost:3000/_next/static/chunks/src_88339d._.js:424
[96180694ms] [LOG] [VERBOSE] [Fast Refresh] rebuilding  @ http://localhost:3000/_next/static/chunks/src_88339d._.js:424
[96181390ms] [LOG] [VERBOSE] [Fast Refresh] rebuilding  @ http://localhost:3000/_next/static/chunks/src_88339d._.js:424
[96181391ms] [LOG] [VERBOSE] [Fast Refresh] rebuilding  @ http://localhost:3000/_next/static/chunks/src_88339d._.js:424
[96200009ms] [LOG] [VERBOSE] [Fast Refresh] rebuilding  @ http://localhost:3000/_next/static/chunks/src_88339d._.js:424
[96200105ms] [LOG] [VERBOSE] [Fast Refresh] rebuilding  @ http://localhost:3000/_next/static/chunks/src_88339d._.js:424
[96200221ms] [LOG] [VERBOSE] [Fast Refresh] rebuilding  @ http://localhost:3000/_next/static/chunks/src_88339d._.js:424
[96200763ms] [ERROR] Failed to load resource: the server responded with a status of 500 (Internal Server Error) @ http://localhost:3000/auth/signin:0
[96200766ms] [LOG] [VERBOSE] [Fast Refresh] rebuilding  @ http://localhost:3000/_next/static/chunks/src_88339d._.js:424
[96200767ms] [LOG] [VERBOSE] [Fast Refresh] rebuilding  @ http://localhost:3000/_next/static/chunks/src_88339d._.js:424
[96230014ms] [LOG] [VERBOSE] [Fast Refresh] rebuilding  @ http://localhost:3000/_next/static/chunks/src_88339d._.js:424
[96230169ms] [LOG] [VERBOSE] [Fast Refresh] rebuilding  @ http://localhost:3000/_next/static/chunks/src_88339d._.js:424
[96230877ms] [ERROR] Failed to load resource: the server responded with a status of 500 (Internal Server Error) @ http://localhost:3000/auth/signin:0
[96230911ms] [LOG] [VERBOSE] [Fast Refresh] rebuilding  @ http://localhost:3000/_next/static/chunks/src_88339d._.js:424
[96230912ms] [LOG] [VERBOSE] [Fast Refresh] rebuilding  @ http://localhost:3000/_next/static/chunks/src_88339d._.js:424
[96231320ms] [INFO] %cDownload the React DevTools for a better development experience: https://react.dev/link/react-devtools font-weight:bold @ http://localhost:3000/_next/static/chunks/node_modules_next_dist_compiled_react-dom_1f56dc._.js:13948
[96231377ms] [WARNING] Image with src "/EllipseBg.svg" has legacy prop "layout". Did you forget to run the codemod?
Read more: https://nextjs.org/docs/messages/next-image-upgrade-to-13 @ http://localhost:3000/_next/static/chunks/node_modules_next_dist_4bb10e._.js:638
[96231395ms] [LOG] [VERBOSE] Idle timer set for 5 minutes  @ http://localhost:3000/_next/static/chunks/src_88339d._.js:424
[96231406ms] [WARNING] [WARN] Image with src "http://localhost:3000/logos/gil_logo.svg" has either width or height modified, but not the other. If you use CSS to change the size of your image, also include the styles 'width: "auto"' or 'height: "auto"' to maintain the aspect ratio.  @ http://localhost:3000/_next/static/chunks/src_88339d._.js:453
[96231448ms] [LOG] [VERBOSE] [Fast Refresh] rebuilding  @ http://localhost:3000/_next/static/chunks/src_88339d._.js:424
[96231565ms] [LOG] [VERBOSE] [Fast Refresh] rebuilding  @ http://localhost:3000/_next/static/chunks/src_88339d._.js:424
[96231690ms] [LOG] [VERBOSE] [Fast Refresh] rebuilding  @ http://localhost:3000/_next/static/chunks/src_88339d._.js:424
[96232234ms] [ERROR] Failed to load resource: the server responded with a status of 500 (Internal Server Error) @ http://localhost:3000/auth/signin:0
[96232236ms] [LOG] [VERBOSE] [Fast Refresh] rebuilding  @ http://localhost:3000/_next/static/chunks/src_88339d._.js:424
[96240304ms] [LOG] [VERBOSE] [Fast Refresh] rebuilding  @ http://localhost:3000/_next/static/chunks/src_88339d._.js:424
[96240349ms] [LOG] [VERBOSE] [Fast Refresh] rebuilding  @ http://localhost:3000/_next/static/chunks/src_88339d._.js:424
[96240473ms] [LOG] [VERBOSE] [Fast Refresh] rebuilding  @ http://localhost:3000/_next/static/chunks/src_88339d._.js:424
[96241479ms] [LOG] [VERBOSE] [Fast Refresh] rebuilding  @ http://localhost:3000/_next/static/chunks/src_88339d._.js:424
[96241481ms] [LOG] [VERBOSE] [Fast Refresh] rebuilding  @ http://localhost:3000/_next/static/chunks/src_88339d._.js:424
[96241482ms] [LOG] [VERBOSE] [Fast Refresh] rebuilding  @ http://localhost:3000/_next/static/chunks/src_88339d._.js:424
[96241484ms] [LOG] [VERBOSE] [Fast Refresh] rebuilding  @ http://localhost:3000/_next/static/chunks/src_88339d._.js:424
[96241573ms] [LOG] [VERBOSE] [Fast Refresh] rebuilding  @ http://localhost:3000/_next/static/chunks/src_88339d._.js:424
[96241636ms] [LOG] [VERBOSE] [Fast Refresh] rebuilding  @ http://localhost:3000/_next/static/chunks/src_88339d._.js:424
[96243594ms] [LOG] [VERBOSE] [Fast Refresh] rebuilding  @ http://localhost:3000/_next/static/chunks/src_88339d._.js:424
[96243690ms] [LOG] [VERBOSE] [Fast Refresh] rebuilding  @ http://localhost:3000/_next/static/chunks/src_88339d._.js:424
[96261414ms] [LOG] [VERBOSE] [Fast Refresh] rebuilding  @ http://localhost:3000/_next/static/chunks/src_88339d._.js:424
[96261474ms] [LOG] [VERBOSE] [Fast Refresh] rebuilding  @ http://localhost:3000/_next/static/chunks/src_88339d._.js:424
[96261691ms] [LOG] [VERBOSE] [Fast Refresh] rebuilding  @ http://localhost:3000/_next/static/chunks/src_88339d._.js:424
[96261727ms] [LOG] [VERBOSE] [Fast Refresh] rebuilding  @ http://localhost:3000/_next/static/chunks/src_88339d._.js:424
[96262331ms] [ERROR] Failed to load resource: the server responded with a status of 500 (Internal Server Error) @ http://localhost:3000/auth/signin:0
[96262333ms] [LOG] [VERBOSE] [Fast Refresh] rebuilding  @ http://localhost:3000/_next/static/chunks/src_88339d._.js:424
[96262334ms] [LOG] [VERBOSE] [Fast Refresh] rebuilding  @ http://localhost:3000/_next/static/chunks/src_88339d._.js:424
[96262334ms] [LOG] [VERBOSE] [Fast Refresh] rebuilding  @ http://localhost:3000/_next/static/chunks/src_88339d._.js:424
[96274324ms] [LOG] [VERBOSE] [Fast Refresh] rebuilding  @ http://localhost:3000/_next/static/chunks/src_88339d._.js:424
[96274401ms] [LOG] [VERBOSE] [Fast Refresh] rebuilding  @ http://localhost:3000/_next/static/chunks/src_88339d._.js:424
[96291423ms] [LOG] [VERBOSE] [Fast Refresh] rebuilding  @ http://localhost:3000/_next/static/chunks/src_88339d._.js:424
[96291524ms] [LOG] [VERBOSE] [Fast Refresh] rebuilding  @ http://localhost:3000/_next/static/chunks/src_88339d._.js:424
[96291598ms] [LOG] [VERBOSE] [Fast Refresh] rebuilding  @ http://localhost:3000/_next/static/chunks/src_88339d._.js:424
[96291648ms] [LOG] [VERBOSE] [Fast Refresh] rebuilding  @ http://localhost:3000/_next/static/chunks/src_88339d._.js:424
[96292216ms] [ERROR] Failed to load resource: the server responded with a status of 500 (Internal Server Error) @ http://localhost:3000/auth/signin:0
[96292218ms] [LOG] [VERBOSE] [Fast Refresh] rebuilding  @ http://localhost:3000/_next/static/chunks/src_88339d._.js:424
[96292218ms] [LOG] [VERBOSE] [Fast Refresh] rebuilding  @ http://localhost:3000/_next/static/chunks/src_88339d._.js:424
[96300310ms] [LOG] [VERBOSE] [Fast Refresh] rebuilding  @ http://localhost:3000/_next/static/chunks/src_88339d._.js:424
[96300416ms] [LOG] [VERBOSE] [Fast Refresh] rebuilding  @ http://localhost:3000/_next/static/chunks/src_88339d._.js:424
[96300491ms] [LOG] [VERBOSE] [Fast Refresh] rebuilding  @ http://localhost:3000/_next/static/chunks/src_88339d._.js:424
[96301051ms] [LOG] [VERBOSE] [Fast Refresh] rebuilding  @ http://localhost:3000/_next/static/chunks/src_88339d._.js:424
[96301052ms] [LOG] [VERBOSE] [Fast Refresh] rebuilding  @ http://localhost:3000/_next/static/chunks/src_88339d._.js:424
[96304318ms] [LOG] [VERBOSE] [Fast Refresh] rebuilding  @ http://localhost:3000/_next/static/chunks/src_88339d._.js:424
[96304354ms] [LOG] [VERBOSE] [Fast Refresh] rebuilding  @ http://localhost:3000/_next/static/chunks/src_88339d._.js:424
[96304413ms] [LOG] [VERBOSE] [Fast Refresh] rebuilding  @ http://localhost:3000/_next/static/chunks/src_88339d._.js:424
[96304480ms] [LOG] [VERBOSE] [Fast Refresh] rebuilding  @ http://localhost:3000/_next/static/chunks/src_88339d._.js:424
[96321421ms] [LOG] [VERBOSE] [Fast Refresh] rebuilding  @ http://localhost:3000/_next/static/chunks/src_88339d._.js:424
[96321484ms] [LOG] [VERBOSE] [Fast Refresh] rebuilding  @ http://localhost:3000/_next/static/chunks/src_88339d._.js:424
[96321594ms] [LOG] [VERBOSE] [Fast Refresh] rebuilding  @ http://localhost:3000/_next/static/chunks/src_88339d._.js:424
[96321646ms] [LOG] [VERBOSE] [Fast Refresh] rebuilding  @ http://localhost:3000/_next/static/chunks/src_88339d._.js:424
[96322149ms] [ERROR] Failed to load resource: the server responded with a status of 500 (Internal Server Error) @ http://localhost:3000/auth/signin:0
[96322150ms] [LOG] [VERBOSE] [Fast Refresh] rebuilding  @ http://localhost:3000/_next/static/chunks/src_88339d._.js:424
[96322151ms] [LOG] [VERBOSE] [Fast Refresh] rebuilding  @ http://localhost:3000/_next/static/chunks/src_88339d._.js:424
[96334294ms] [LOG] [VERBOSE] [Fast Refresh] rebuilding  @ http://localhost:3000/_next/static/chunks/src_88339d._.js:424
[96334344ms] [LOG] [VERBOSE] [Fast Refresh] rebuilding  @ http://localhost:3000/_next/static/chunks/src_88339d._.js:424
[96334407ms] [LOG] [VERBOSE] [Fast Refresh] rebuilding  @ http://localhost:3000/_next/static/chunks/src_88339d._.js:424
[96351419ms] [LOG] [VERBOSE] [Fast Refresh] rebuilding  @ http://localhost:3000/_next/static/chunks/src_88339d._.js:424
[96351516ms] [LOG] [VERBOSE] [Fast Refresh] rebuilding  @ http://localhost:3000/_next/static/chunks/src_88339d._.js:424
[96351581ms] [LOG] [VERBOSE] [Fast Refresh] rebuilding  @ http://localhost:3000/_next/static/chunks/src_88339d._.js:424
[96352106ms] [ERROR] Failed to load resource: the server responded with a status of 500 (Internal Server Error) @ http://localhost:3000/auth/signin:0
[96352108ms] [LOG] [VERBOSE] [Fast Refresh] rebuilding  @ http://localhost:3000/_next/static/chunks/src_88339d._.js:424
[96352108ms] [LOG] [VERBOSE] [Fast Refresh] rebuilding  @ http://localhost:3000/_next/static/chunks/src_88339d._.js:424
[96360313ms] [LOG] [VERBOSE] [Fast Refresh] rebuilding  @ http://localhost:3000/_next/static/chunks/src_88339d._.js:424
[96360408ms] [LOG] [VERBOSE] [Fast Refresh] rebuilding  @ http://localhost:3000/_next/static/chunks/src_88339d._.js:424
[96360517ms] [LOG] [VERBOSE] [Fast Refresh] rebuilding  @ http://localhost:3000/_next/static/chunks/src_88339d._.js:424
[96360574ms] [LOG] [VERBOSE] [Fast Refresh] rebuilding  @ http://localhost:3000/_next/static/chunks/src_88339d._.js:424
[96361089ms] [LOG] [VERBOSE] [Fast Refresh] rebuilding  @ http://localhost:3000/_next/static/chunks/src_88339d._.js:424
[96361090ms] [LOG] [VERBOSE] [Fast Refresh] rebuilding  @ http://localhost:3000/_next/static/chunks/src_88339d._.js:424
[96364341ms] [LOG] [VERBOSE] [Fast Refresh] rebuilding  @ http://localhost:3000/_next/static/chunks/src_88339d._.js:424
[96364422ms] [LOG] [VERBOSE] [Fast Refresh] rebuilding  @ http://localhost:3000/_next/static/chunks/src_88339d._.js:424
[96381424ms] [LOG] [VERBOSE] [Fast Refresh] rebuilding  @ http://localhost:3000/_next/static/chunks/src_88339d._.js:424
[96381519ms] [LOG] [VERBOSE] [Fast Refresh] rebuilding  @ http://localhost:3000/_next/static/chunks/src_88339d._.js:424
[96381637ms] [LOG] [VERBOSE] [Fast Refresh] rebuilding  @ http://localhost:3000/_next/static/chunks/src_88339d._.js:424
[96382263ms] [ERROR] Failed to load resource: the server responded with a status of 500 (Internal Server Error) @ http://localhost:3000/auth/signin:0
[96382267ms] [LOG] [VERBOSE] [Fast Refresh] rebuilding  @ http://localhost:3000/_next/static/chunks/src_88339d._.js:424
[96382268ms] [LOG] [VERBOSE] [Fast Refresh] rebuilding  @ http://localhost:3000/_next/static/chunks/src_88339d._.js:424
[96394312ms] [LOG] [VERBOSE] [Fast Refresh] rebuilding  @ http://localhost:3000/_next/static/chunks/src_88339d._.js:424
[96394394ms] [LOG] [VERBOSE] [Fast Refresh] rebuilding  @ http://localhost:3000/_next/static/chunks/src_88339d._.js:424
[96411421ms] [LOG] [VERBOSE] [Fast Refresh] rebuilding  @ http://localhost:3000/_next/static/chunks/src_88339d._.js:424
[96411515ms] [LOG] [VERBOSE] [Fast Refresh] rebuilding  @ http://localhost:3000/_next/static/chunks/src_88339d._.js:424
[96412258ms] [ERROR] Failed to load resource: the server responded with a status of 500 (Internal Server Error) @ http://localhost:3000/auth/signin:0
[96412261ms] [LOG] [VERBOSE] [Fast Refresh] rebuilding  @ http://localhost:3000/_next/static/chunks/src_88339d._.js:424
[96412262ms] [LOG] [VERBOSE] [Fast Refresh] rebuilding  @ http://localhost:3000/_next/static/chunks/src_88339d._.js:424
[96420296ms] [LOG] [VERBOSE] [Fast Refresh] rebuilding  @ http://localhost:3000/_next/static/chunks/src_88339d._.js:424
[96420370ms] [LOG] [VERBOSE] [Fast Refresh] rebuilding  @ http://localhost:3000/_next/static/chunks/src_88339d._.js:424
[96420416ms] [LOG] [VERBOSE] [Fast Refresh] rebuilding  @ http://localhost:3000/_next/static/chunks/src_88339d._.js:424
[96420514ms] [LOG] [VERBOSE] [Fast Refresh] rebuilding  @ http://localhost:3000/_next/static/chunks/src_88339d._.js:424
[96421003ms] [LOG] [VERBOSE] [Fast Refresh] rebuilding  @ http://localhost:3000/_next/static/chunks/src_88339d._.js:424
[96424343ms] [LOG] [VERBOSE] [Fast Refresh] rebuilding  @ http://localhost:3000/_next/static/chunks/src_88339d._.js:424
[96424390ms] [LOG] [VERBOSE] [Fast Refresh] rebuilding  @ http://localhost:3000/_next/static/chunks/src_88339d._.js:424
[96441422ms] [LOG] [VERBOSE] [Fast Refresh] rebuilding  @ http://localhost:3000/_next/static/chunks/src_88339d._.js:424
[96441522ms] [LOG] [VERBOSE] [Fast Refresh] rebuilding  @ http://localhost:3000/_next/static/chunks/src_88339d._.js:424
[96441617ms] [LOG] [VERBOSE] [Fast Refresh] rebuilding  @ http://localhost:3000/_next/static/chunks/src_88339d._.js:424
[96442170ms] [ERROR] Failed to load resource: the server responded with a status of 500 (Internal Server Error) @ http://localhost:3000/auth/signin:0
[96442172ms] [LOG] [VERBOSE] [Fast Refresh] rebuilding  @ http://localhost:3000/_next/static/chunks/src_88339d._.js:424
[96442172ms] [LOG] [VERBOSE] [Fast Refresh] rebuilding  @ http://localhost:3000/_next/static/chunks/src_88339d._.js:424
[96471412ms] [LOG] [VERBOSE] [Fast Refresh] rebuilding  @ http://localhost:3000/_next/static/chunks/src_88339d._.js:424
[96471512ms] [LOG] [VERBOSE] [Fast Refresh] rebuilding  @ http://localhost:3000/_next/static/chunks/src_88339d._.js:424
[96471620ms] [LOG] [VERBOSE] [Fast Refresh] rebuilding  @ http://localhost:3000/_next/static/chunks/src_88339d._.js:424
[96472209ms] [ERROR] Failed to load resource: the server responded with a status of 500 (Internal Server Error) @ http://localhost:3000/auth/signin:0
[96472212ms] [LOG] [VERBOSE] [Fast Refresh] rebuilding  @ http://localhost:3000/_next/static/chunks/src_88339d._.js:424
[96472213ms] [LOG] [VERBOSE] [Fast Refresh] rebuilding  @ http://localhost:3000/_next/static/chunks/src_88339d._.js:424
[96480322ms] [LOG] [VERBOSE] [Fast Refresh] rebuilding  @ http://localhost:3000/_next/static/chunks/src_88339d._.js:424
[96480421ms] [LOG] [VERBOSE] [Fast Refresh] rebuilding  @ http://localhost:3000/_next/static/chunks/src_88339d._.js:424
[96480499ms] [LOG] [VERBOSE] [Fast Refresh] rebuilding  @ http://localhost:3000/_next/static/chunks/src_88339d._.js:424
[96481300ms] [LOG] [VERBOSE] [Fast Refresh] rebuilding  @ http://localhost:3000/_next/static/chunks/src_88339d._.js:424
[96481301ms] [LOG] [VERBOSE] [Fast Refresh] rebuilding  @ http://localhost:3000/_next/static/chunks/src_88339d._.js:424
[96481302ms] [LOG] [VERBOSE] [Fast Refresh] rebuilding  @ http://localhost:3000/_next/static/chunks/src_88339d._.js:424
[96501429ms] [LOG] [VERBOSE] [Fast Refresh] rebuilding  @ http://localhost:3000/_next/static/chunks/src_88339d._.js:424
[96501492ms] [LOG] [VERBOSE] [Fast Refresh] rebuilding  @ http://localhost:3000/_next/static/chunks/src_88339d._.js:424
[96501637ms] [LOG] [VERBOSE] [Fast Refresh] rebuilding  @ http://localhost:3000/_next/static/chunks/src_88339d._.js:424
[96502218ms] [ERROR] Failed to load resource: the server responded with a status of 500 (Internal Server Error) @ http://localhost:3000/auth/signin:0
[96502220ms] [LOG] [VERBOSE] [Fast Refresh] rebuilding  @ http://localhost:3000/_next/static/chunks/src_88339d._.js:424
[96502220ms] [LOG] [VERBOSE] [Fast Refresh] rebuilding  @ http://localhost:3000/_next/static/chunks/src_88339d._.js:424
[96531523ms] [LOG] [VERBOSE] [Fast Refresh] rebuilding  @ http://localhost:3000/_next/static/chunks/src_88339d._.js:424
[96531536ms] [LOG] [VERBOSE] [Fast Refresh] rebuilding  @ http://localhost:3000/_next/static/chunks/src_88339d._.js:424
[96531660ms] [LOG] [VERBOSE] [Fast Refresh] rebuilding  @ http://localhost:3000/_next/static/chunks/src_88339d._.js:424
[96531723ms] [LOG] [VERBOSE] [Fast Refresh] rebuilding  @ http://localhost:3000/_next/static/chunks/src_88339d._.js:424
[96531863ms] [LOG] [VERBOSE] [Fast Refresh] rebuilding  @ http://localhost:3000/_next/static/chunks/src_88339d._.js:424
[96532422ms] [ERROR] Failed to load resource: the server responded with a status of 500 (Internal Server Error) @ http://localhost:3000/auth/signin:0
[96532425ms] [LOG] [VERBOSE] [Fast Refresh] rebuilding  @ http://localhost:3000/_next/static/chunks/src_88339d._.js:424
[96532425ms] [LOG] [VERBOSE] [Fast Refresh] rebuilding  @ http://localhost:3000/_next/static/chunks/src_88339d._.js:424
[96532816ms] [INFO] %cDownload the React DevTools for a better development experience: https://react.dev/link/react-devtools font-weight:bold @ http://localhost:3000/_next/static/chunks/node_modules_next_dist_compiled_react-dom_1f56dc._.js:13948
[96532866ms] [WARNING] Image with src "/EllipseBg.svg" has legacy prop "layout". Did you forget to run the codemod?
Read more: https://nextjs.org/docs/messages/next-image-upgrade-to-13 @ http://localhost:3000/_next/static/chunks/node_modules_next_dist_4bb10e._.js:638
[96532883ms] [LOG] [VERBOSE] Idle timer set for 5 minutes  @ http://localhost:3000/_next/static/chunks/src_88339d._.js:424
[96532896ms] [WARNING] [WARN] Image with src "http://localhost:3000/logos/gil_logo.svg" has either width or height modified, but not the other. If you use CSS to change the size of your image, also include the styles 'width: "auto"' or 'height: "auto"' to maintain the aspect ratio.  @ http://localhost:3000/_next/static/chunks/src_88339d._.js:453
[96532932ms] [LOG] [VERBOSE] [Fast Refresh] rebuilding  @ http://localhost:3000/_next/static/chunks/src_88339d._.js:424
[96533017ms] [LOG] [VERBOSE] [Fast Refresh] rebuilding  @ http://localhost:3000/_next/static/chunks/src_88339d._.js:424
[96533071ms] [LOG] [VERBOSE] [Fast Refresh] rebuilding  @ http://localhost:3000/_next/static/chunks/src_88339d._.js:424
[96533681ms] [ERROR] Failed to load resource: the server responded with a status of 500 (Internal Server Error) @ http://localhost:3000/auth/signin:0
[96533681ms] [LOG] [VERBOSE] [Fast Refresh] rebuilding  @ http://localhost:3000/_next/static/chunks/src_88339d._.js:424
[96533682ms] [LOG] [VERBOSE] [Fast Refresh] rebuilding  @ http://localhost:3000/_next/static/chunks/src_88339d._.js:424
[96540324ms] [LOG] [VERBOSE] [Fast Refresh] rebuilding  @ http://localhost:3000/_next/static/chunks/src_88339d._.js:424
[96540409ms] [LOG] [VERBOSE] [Fast Refresh] rebuilding  @ http://localhost:3000/_next/static/chunks/src_88339d._.js:424
[96540502ms] [LOG] [VERBOSE] [Fast Refresh] rebuilding  @ http://localhost:3000/_next/static/chunks/src_88339d._.js:424
[96540600ms] [LOG] [VERBOSE] [Fast Refresh] rebuilding  @ http://localhost:3000/_next/static/chunks/src_88339d._.js:424
[96540661ms] [LOG] [VERBOSE] [Fast Refresh] rebuilding  @ http://localhost:3000/_next/static/chunks/src_88339d._.js:424
[96541351ms] [LOG] [VERBOSE] [Fast Refresh] rebuilding  @ http://localhost:3000/_next/static/chunks/src_88339d._.js:424
[96541351ms] [LOG] [VERBOSE] [Fast Refresh] rebuilding  @ http://localhost:3000/_next/static/chunks/src_88339d._.js:424
[96544342ms] [LOG] [VERBOSE] [Fast Refresh] rebuilding  @ http://localhost:3000/_next/static/chunks/src_88339d._.js:424
[96544406ms] [LOG] [VERBOSE] [Fast Refresh] rebuilding  @ http://localhost:3000/_next/static/chunks/src_88339d._.js:424
[96546282ms] [LOG] [VERBOSE] [Fast Refresh] rebuilding  @ http://localhost:3000/_next/static/chunks/src_88339d._.js:424
[96546374ms] [LOG] [VERBOSE] [Fast Refresh] rebuilding  @ http://localhost:3000/_next/static/chunks/src_88339d._.js:424
[96562911ms] [LOG] [VERBOSE] [Fast Refresh] rebuilding  @ http://localhost:3000/_next/static/chunks/src_88339d._.js:424
[96562981ms] [LOG] [VERBOSE] [Fast Refresh] rebuilding  @ http://localhost:3000/_next/static/chunks/src_88339d._.js:424
[96563041ms] [LOG] [VERBOSE] [Fast Refresh] rebuilding  @ http://localhost:3000/_next/static/chunks/src_88339d._.js:424
[96563128ms] [LOG] [VERBOSE] [Fast Refresh] rebuilding  @ http://localhost:3000/_next/static/chunks/src_88339d._.js:424
[96563890ms] [ERROR] Failed to load resource: the server responded with a status of 500 (Internal Server Error) @ http://localhost:3000/auth/signin:0
[96563892ms] [LOG] [VERBOSE] [Fast Refresh] rebuilding  @ http://localhost:3000/_next/static/chunks/src_88339d._.js:424
[96563895ms] [LOG] [VERBOSE] [Fast Refresh] rebuilding  @ http://localhost:3000/_next/static/chunks/src_88339d._.js:424
[96563895ms] [LOG] [VERBOSE] [Fast Refresh] rebuilding  @ http://localhost:3000/_next/static/chunks/src_88339d._.js:424
[96576346ms] [LOG] [VERBOSE] [Fast Refresh] rebuilding  @ http://localhost:3000/_next/static/chunks/src_88339d._.js:424
[96576393ms] [LOG] [VERBOSE] [Fast Refresh] rebuilding  @ http://localhost:3000/_next/static/chunks/src_88339d._.js:424
[96576428ms] [LOG] [VERBOSE] [Fast Refresh] rebuilding  @ http://localhost:3000/_next/static/chunks/src_88339d._.js:424
[96592912ms] [LOG] [VERBOSE] [Fast Refresh] rebuilding  @ http://localhost:3000/_next/static/chunks/src_88339d._.js:424
[96593011ms] [LOG] [VERBOSE] [Fast Refresh] rebuilding  @ http://localhost:3000/_next/static/chunks/src_88339d._.js:424
[96593118ms] [LOG] [VERBOSE] [Fast Refresh] rebuilding  @ http://localhost:3000/_next/static/chunks/src_88339d._.js:424
[96593695ms] [ERROR] Failed to load resource: the server responded with a status of 500 (Internal Server Error) @ http://localhost:3000/auth/signin:0
[96593697ms] [LOG] [VERBOSE] [Fast Refresh] rebuilding  @ http://localhost:3000/_next/static/chunks/src_88339d._.js:424
[96600317ms] [LOG] [VERBOSE] [Fast Refresh] rebuilding  @ http://localhost:3000/_next/static/chunks/src_88339d._.js:424
[96600415ms] [LOG] [VERBOSE] [Fast Refresh] rebuilding  @ http://localhost:3000/_next/static/chunks/src_88339d._.js:424
[96600526ms] [LOG] [VERBOSE] [Fast Refresh] rebuilding  @ http://localhost:3000/_next/static/chunks/src_88339d._.js:424
[96601132ms] [LOG] [VERBOSE] [Fast Refresh] rebuilding  @ http://localhost:3000/_next/static/chunks/src_88339d._.js:424
[96601134ms] [LOG] [VERBOSE] [Fast Refresh] rebuilding  @ http://localhost:3000/_next/static/chunks/src_88339d._.js:424
[96606337ms] [LOG] [VERBOSE] [Fast Refresh] rebuilding  @ http://localhost:3000/_next/static/chunks/src_88339d._.js:424
[96606368ms] [LOG] [VERBOSE] [Fast Refresh] rebuilding  @ http://localhost:3000/_next/static/chunks/src_88339d._.js:424
[96622914ms] [LOG] [VERBOSE] [Fast Refresh] rebuilding  @ http://localhost:3000/_next/static/chunks/src_88339d._.js:424
[96623013ms] [LOG] [VERBOSE] [Fast Refresh] rebuilding  @ http://localhost:3000/_next/static/chunks/src_88339d._.js:424
[96623651ms] [ERROR] Failed to load resource: the server responded with a status of 500 (Internal Server Error) @ http://localhost:3000/auth/signin:0
[96623652ms] [LOG] [VERBOSE] [Fast Refresh] rebuilding  @ http://localhost:3000/_next/static/chunks/src_88339d._.js:424
[96623652ms] [LOG] [VERBOSE] [Fast Refresh] rebuilding  @ http://localhost:3000/_next/static/chunks/src_88339d._.js:424
[96623654ms] [LOG] [VERBOSE] [Fast Refresh] rebuilding  @ http://localhost:3000/_next/static/chunks/src_88339d._.js:424
[96636344ms] [LOG] [VERBOSE] [Fast Refresh] rebuilding  @ http://localhost:3000/_next/static/chunks/src_88339d._.js:424
[96636405ms] [LOG] [VERBOSE] [Fast Refresh] rebuilding  @ http://localhost:3000/_next/static/chunks/src_88339d._.js:424
[96652911ms] [LOG] [VERBOSE] [Fast Refresh] rebuilding  @ http://localhost:3000/_next/static/chunks/src_88339d._.js:424
[96653011ms] [LOG] [VERBOSE] [Fast Refresh] rebuilding  @ http://localhost:3000/_next/static/chunks/src_88339d._.js:424
[96653125ms] [LOG] [VERBOSE] [Fast Refresh] rebuilding  @ http://localhost:3000/_next/static/chunks/src_88339d._.js:424
[96653690ms] [ERROR] Failed to load resource: the server responded with a status of 500 (Internal Server Error) @ http://localhost:3000/auth/signin:0
[96653691ms] [LOG] [VERBOSE] [Fast Refresh] rebuilding  @ http://localhost:3000/_next/static/chunks/src_88339d._.js:424
[96653692ms] [LOG] [VERBOSE] [Fast Refresh] rebuilding  @ http://localhost:3000/_next/static/chunks/src_88339d._.js:424
[96660308ms] [LOG] [VERBOSE] [Fast Refresh] rebuilding  @ http://localhost:3000/_next/static/chunks/src_88339d._.js:424
[96660380ms] [LOG] [VERBOSE] [Fast Refresh] rebuilding  @ http://localhost:3000/_next/static/chunks/src_88339d._.js:424
[96661063ms] [LOG] [VERBOSE] [Fast Refresh] rebuilding  @ http://localhost:3000/_next/static/chunks/src_88339d._.js:424
[96661065ms] [LOG] [VERBOSE] [Fast Refresh] rebuilding  @ http://localhost:3000/_next/static/chunks/src_88339d._.js:424
[96666300ms] [LOG] [VERBOSE] [Fast Refresh] rebuilding  @ http://localhost:3000/_next/static/chunks/src_88339d._.js:424
[96666366ms] [LOG] [VERBOSE] [Fast Refresh] rebuilding  @ http://localhost:3000/_next/static/chunks/src_88339d._.js:424
[96666416ms] [LOG] [VERBOSE] [Fast Refresh] rebuilding  @ http://localhost:3000/_next/static/chunks/src_88339d._.js:424
[96682917ms] [LOG] [VERBOSE] [Fast Refresh] rebuilding  @ http://localhost:3000/_next/static/chunks/src_88339d._.js:424
[96683017ms] [LOG] [VERBOSE] [Fast Refresh] rebuilding  @ http://localhost:3000/_next/static/chunks/src_88339d._.js:424
[96683128ms] [LOG] [VERBOSE] [Fast Refresh] rebuilding  @ http://localhost:3000/_next/static/chunks/src_88339d._.js:424
[96683690ms] [ERROR] Failed to load resource: the server responded with a status of 500 (Internal Server Error) @ http://localhost:3000/auth/signin:0
[96683692ms] [LOG] [VERBOSE] [Fast Refresh] rebuilding  @ http://localhost:3000/_next/static/chunks/src_88339d._.js:424
[96683693ms] [LOG] [VERBOSE] [Fast Refresh] rebuilding  @ http://localhost:3000/_next/static/chunks/src_88339d._.js:424
[96696351ms] [LOG] [VERBOSE] [Fast Refresh] rebuilding  @ http://localhost:3000/_next/static/chunks/src_88339d._.js:424
[96696433ms] [LOG] [VERBOSE] [Fast Refresh] rebuilding  @ http://localhost:3000/_next/static/chunks/src_88339d._.js:424
[96712920ms] [LOG] [VERBOSE] [Fast Refresh] rebuilding  @ http://localhost:3000/_next/static/chunks/src_88339d._.js:424
[96713047ms] [LOG] [VERBOSE] [Fast Refresh] rebuilding  @ http://localhost:3000/_next/static/chunks/src_88339d._.js:424
[96713172ms] [LOG] [VERBOSE] [Fast Refresh] rebuilding  @ http://localhost:3000/_next/static/chunks/src_88339d._.js:424
[96713964ms] [ERROR] Failed to load resource: the server responded with a status of 500 (Internal Server Error) @ http://localhost:3000/auth/signin:0
[96713968ms] [LOG] [VERBOSE] [Fast Refresh] rebuilding  @ http://localhost:3000/_next/static/chunks/src_88339d._.js:424
[96713970ms] [LOG] [VERBOSE] [Fast Refresh] rebuilding  @ http://localhost:3000/_next/static/chunks/src_88339d._.js:424
[96720309ms] [LOG] [VERBOSE] [Fast Refresh] rebuilding  @ http://localhost:3000/_next/static/chunks/src_88339d._.js:424
[96720373ms] [LOG] [VERBOSE] [Fast Refresh] rebuilding  @ http://localhost:3000/_next/static/chunks/src_88339d._.js:424
[96721050ms] [LOG] [VERBOSE] [Fast Refresh] rebuilding  @ http://localhost:3000/_next/static/chunks/src_88339d._.js:424
[96721051ms] [LOG] [VERBOSE] [Fast Refresh] rebuilding  @ http://localhost:3000/_next/static/chunks/src_88339d._.js:424
[96721052ms] [LOG] [VERBOSE] [Fast Refresh] rebuilding  @ http://localhost:3000/_next/static/chunks/src_88339d._.js:424
[96726350ms] [LOG] [VERBOSE] [Fast Refresh] rebuilding  @ http://localhost:3000/_next/static/chunks/src_88339d._.js:424
[96726414ms] [LOG] [VERBOSE] [Fast Refresh] rebuilding  @ http://localhost:3000/_next/static/chunks/src_88339d._.js:424
[96742901ms] [LOG] [VERBOSE] [Fast Refresh] rebuilding  @ http://localhost:3000/_next/static/chunks/src_88339d._.js:424
[96743000ms] [LOG] [VERBOSE] [Fast Refresh] rebuilding  @ http://localhost:3000/_next/static/chunks/src_88339d._.js:424
[96743602ms] [ERROR] Failed to load resource: the server responded with a status of 500 (Internal Server Error) @ http://localhost:3000/auth/signin:0
[96743603ms] [LOG] [VERBOSE] [Fast Refresh] rebuilding  @ http://localhost:3000/_next/static/chunks/src_88339d._.js:424
[96743603ms] [LOG] [VERBOSE] [Fast Refresh] rebuilding  @ http://localhost:3000/_next/static/chunks/src_88339d._.js:424
[96772908ms] [LOG] [VERBOSE] [Fast Refresh] rebuilding  @ http://localhost:3000/_next/static/chunks/src_88339d._.js:424
[96772972ms] [LOG] [VERBOSE] [Fast Refresh] rebuilding  @ http://localhost:3000/_next/static/chunks/src_88339d._.js:424
[96773101ms] [LOG] [VERBOSE] [Fast Refresh] rebuilding  @ http://localhost:3000/_next/static/chunks/src_88339d._.js:424
[96773738ms] [ERROR] Failed to load resource: the server responded with a status of 500 (Internal Server Error) @ http://localhost:3000/auth/signin:0
[96773741ms] [LOG] [VERBOSE] [Fast Refresh] rebuilding  @ http://localhost:3000/_next/static/chunks/src_88339d._.js:424
[96773741ms] [LOG] [VERBOSE] [Fast Refresh] rebuilding  @ http://localhost:3000/_next/static/chunks/src_88339d._.js:424
[96780323ms] [LOG] [VERBOSE] [Fast Refresh] rebuilding  @ http://localhost:3000/_next/static/chunks/src_88339d._.js:424
[96780518ms] [LOG] [VERBOSE] [Fast Refresh] rebuilding  @ http://localhost:3000/_next/static/chunks/src_88339d._.js:424
[96780638ms] [LOG] [VERBOSE] [Fast Refresh] rebuilding  @ http://localhost:3000/_next/static/chunks/src_88339d._.js:424
[96781348ms] [LOG] [VERBOSE] [Fast Refresh] rebuilding  @ http://localhost:3000/_next/static/chunks/src_88339d._.js:424
[96781349ms] [LOG] [VERBOSE] [Fast Refresh] rebuilding  @ http://localhost:3000/_next/static/chunks/src_88339d._.js:424
[100864501ms] [INFO] %cDownload the React DevTools for a better development experience: https://react.dev/link/react-devtools font-weight:bold @ http://localhost:3000/_next/static/chunks/node_modules_next_dist_compiled_react-dom_1f56dc._.js:13948
[100864609ms] [WARNING] Image with src "/EllipseBg.svg" has legacy prop "layout". Did you forget to run the codemod?
Read more: https://nextjs.org/docs/messages/next-image-upgrade-to-13 @ http://localhost:3000/_next/static/chunks/node_modules_next_dist_4bb10e._.js:638
[100864778ms] [LOG] [VERBOSE] Idle timer set for 5 minutes  @ http://localhost:3000/_next/static/chunks/src_88339d._.js:424
[100864790ms] [WARNING] [WARN] Image with src "http://localhost:3000/logos/gil_logo.svg" has either width or height modified, but not the other. If you use CSS to change the size of your image, also include the styles 'width: "auto"' or 'height: "auto"' to maintain the aspect ratio.  @ http://localhost:3000/_next/static/chunks/src_88339d._.js:453
[100864917ms] [LOG] [VERBOSE] [Fast Refresh] rebuilding  @ http://localhost:3000/_next/static/chunks/src_88339d._.js:424
[100865964ms] [LOG] [VERBOSE] [Fast Refresh] rebuilding  @ http://localhost:3000/_next/static/chunks/src_88339d._.js:424
[100865967ms] [LOG] [VERBOSE] [Fast Refresh] rebuilding  @ http://localhost:3000/_next/static/chunks/src_88339d._.js:424
[100866038ms] [LOG] [VERBOSE] [Fast Refresh] rebuilding  @ http://localhost:3000/_next/static/chunks/src_88339d._.js:424
[100866115ms] [LOG] [VERBOSE] [Fast Refresh] rebuilding  @ http://localhost:3000/_next/static/chunks/src_88339d._.js:424
[100866169ms] [LOG] [VERBOSE] [Fast Refresh] rebuilding  @ http://localhost:3000/_next/static/chunks/src_88339d._.js:424
[100866257ms] [LOG] [VERBOSE] [Fast Refresh] rebuilding  @ http://localhost:3000/_next/static/chunks/src_88339d._.js:424
[100866306ms] [LOG] [VERBOSE] [Fast Refresh] rebuilding  @ http://localhost:3000/_next/static/chunks/src_88339d._.js:424
[100866356ms] [LOG] [VERBOSE] [Fast Refresh] rebuilding  @ http://localhost:3000/_next/static/chunks/src_88339d._.js:424
[100867923ms] [LOG] [VERBOSE] [Fast Refresh] rebuilding  @ http://localhost:3000/_next/static/chunks/src_88339d._.js:424
[100867924ms] [ERROR] Failed to load resource: the server responded with a status of 500 (Internal Server Error) @ http://localhost:3000/auth/signin:0
[100867925ms] [LOG] [VERBOSE] [Fast Refresh] rebuilding  @ http://localhost:3000/_next/static/chunks/src_88339d._.js:424
[100867926ms] [LOG] [VERBOSE] [Fast Refresh] rebuilding  @ http://localhost:3000/_next/static/chunks/src_88339d._.js:424
[100871553ms] [LOG] [VERBOSE] [Fast Refresh] rebuilding  @ http://localhost:3000/_next/static/chunks/src_88339d._.js:424
[100871701ms] [LOG] [VERBOSE] [Fast Refresh] rebuilding  @ http://localhost:3000/_next/static/chunks/src_88339d._.js:424
[100875635ms] [LOG] [VERBOSE] [Fast Refresh] rebuilding  @ http://localhost:3000/_next/static/chunks/src_88339d._.js:424
[100876124ms] [LOG] [VERBOSE] [Fast Refresh] rebuilding  @ http://localhost:3000/_next/static/chunks/src_88339d._.js:424
[100876249ms] [LOG] [VERBOSE] [Fast Refresh] rebuilding  @ http://localhost:3000/_next/static/chunks/src_88339d._.js:424
[100877154ms] [LOG] [VERBOSE] [Fast Refresh] rebuilding  @ http://localhost:3000/_next/static/chunks/src_88339d._.js:424
[100877375ms] [LOG] [VERBOSE] [Fast Refresh] rebuilding  @ http://localhost:3000/_next/static/chunks/src_88339d._.js:424
[100886039ms] [LOG] [VERBOSE] [Fast Refresh] rebuilding  @ http://localhost:3000/_next/static/chunks/src_88339d._.js:424
[100886133ms] [LOG] [VERBOSE] [Fast Refresh] rebuilding  @ http://localhost:3000/_next/static/chunks/src_88339d._.js:424
[100886203ms] [LOG] [VERBOSE] [Fast Refresh] rebuilding  @ http://localhost:3000/_next/static/chunks/src_88339d._.js:424
[100886280ms] [LOG] [VERBOSE] [Fast Refresh] rebuilding  @ http://localhost:3000/_next/static/chunks/src_88339d._.js:424
[100886407ms] [LOG] [VERBOSE] [Fast Refresh] rebuilding  @ http://localhost:3000/_next/static/chunks/src_88339d._.js:424
[100886529ms] [LOG] [VERBOSE] [Fast Refresh] rebuilding  @ http://localhost:3000/_next/static/chunks/src_88339d._.js:424
[100894797ms] [LOG] [VERBOSE] [Fast Refresh] rebuilding  @ http://localhost:3000/_next/static/chunks/src_88339d._.js:424
[100894891ms] [LOG] [VERBOSE] [Fast Refresh] rebuilding  @ http://localhost:3000/_next/static/chunks/src_88339d._.js:424
[100895052ms] [LOG] [VERBOSE] [Fast Refresh] rebuilding  @ http://localhost:3000/_next/static/chunks/src_88339d._.js:424
[100895811ms] [ERROR] Failed to load resource: the server responded with a status of 500 (Internal Server Error) @ http://localhost:3000/auth/signin:0
[100895813ms] [LOG] [VERBOSE] [Fast Refresh] rebuilding  @ http://localhost:3000/_next/static/chunks/src_88339d._.js:424
[100895814ms] [LOG] [VERBOSE] [Fast Refresh] rebuilding  @ http://localhost:3000/_next/static/chunks/src_88339d._.js:424
[100914172ms] [LOG] [VERBOSE] [Fast Refresh] rebuilding  @ http://localhost:3000/_next/static/chunks/src_88339d._.js:424
[100915177ms] [LOG] [VERBOSE] [Fast Refresh] rebuilding  @ http://localhost:3000/_next/static/chunks/src_88339d._.js:424
[100915472ms] [LOG] [VERBOSE] [Fast Refresh] rebuilding  @ http://localhost:3000/_next/static/chunks/src_88339d._.js:424
[100915878ms] [LOG] [VERBOSE] [Fast Refresh] rebuilding  @ http://localhost:3000/_next/static/chunks/src_88339d._.js:424
[100916786ms] [LOG] [VERBOSE] [Fast Refresh] rebuilding  @ http://localhost:3000/_next/static/chunks/src_88339d._.js:424
[100916954ms] [LOG] [VERBOSE] [Fast Refresh] rebuilding  @ http://localhost:3000/_next/static/chunks/src_88339d._.js:424
[100918568ms] [LOG] [VERBOSE] [Fast Refresh] rebuilding  @ http://localhost:3000/_next/static/chunks/src_88339d._.js:424
[100918573ms] [LOG] [VERBOSE] [Fast Refresh] rebuilding  @ http://localhost:3000/_next/static/chunks/src_88339d._.js:424
[100924801ms] [LOG] [VERBOSE] [Fast Refresh] rebuilding  @ http://localhost:3000/_next/static/chunks/src_88339d._.js:424
[100924932ms] [LOG] [VERBOSE] [Fast Refresh] rebuilding  @ http://localhost:3000/_next/static/chunks/src_88339d._.js:424
[100925787ms] [ERROR] Failed to load resource: the server responded with a status of 500 (Internal Server Error) @ http://localhost:3000/auth/signin:0
[100925788ms] [LOG] [VERBOSE] [Fast Refresh] rebuilding  @ http://localhost:3000/_next/static/chunks/src_88339d._.js:424
[100925791ms] [LOG] [VERBOSE] [Fast Refresh] rebuilding  @ http://localhost:3000/_next/static/chunks/src_88339d._.js:424
[100925792ms] [LOG] [VERBOSE] [Fast Refresh] rebuilding  @ http://localhost:3000/_next/static/chunks/src_88339d._.js:424
[100931152ms] [LOG] [VERBOSE] [Fast Refresh] rebuilding  @ http://localhost:3000/_next/static/chunks/src_88339d._.js:424
[100931233ms] [LOG] [VERBOSE] [Fast Refresh] rebuilding  @ http://localhost:3000/_next/static/chunks/src_88339d._.js:424
[100931290ms] [LOG] [VERBOSE] [Fast Refresh] rebuilding  @ http://localhost:3000/_next/static/chunks/src_88339d._.js:424
[100931373ms] [LOG] [VERBOSE] [Fast Refresh] rebuilding  @ http://localhost:3000/_next/static/chunks/src_88339d._.js:424
[100932115ms] [LOG] [VERBOSE] [Fast Refresh] rebuilding  @ http://localhost:3000/_next/static/chunks/src_88339d._.js:424
[100932117ms] [LOG] [VERBOSE] [Fast Refresh] rebuilding  @ http://localhost:3000/_next/static/chunks/src_88339d._.js:424
[100954810ms] [LOG] [VERBOSE] [Fast Refresh] rebuilding  @ http://localhost:3000/_next/static/chunks/src_88339d._.js:424
[100954916ms] [LOG] [VERBOSE] [Fast Refresh] rebuilding  @ http://localhost:3000/_next/static/chunks/src_88339d._.js:424
[100955111ms] [LOG] [VERBOSE] [Fast Refresh] rebuilding  @ http://localhost:3000/_next/static/chunks/src_88339d._.js:424
[100955761ms] [ERROR] Failed to load resource: the server responded with a status of 500 (Internal Server Error) @ http://localhost:3000/auth/signin:0
[100955763ms] [LOG] [VERBOSE] [Fast Refresh] rebuilding  @ http://localhost:3000/_next/static/chunks/src_88339d._.js:424
[100955764ms] [LOG] [VERBOSE] [Fast Refresh] rebuilding  @ http://localhost:3000/_next/static/chunks/src_88339d._.js:424
[100961161ms] [LOG] [VERBOSE] [Fast Refresh] rebuilding  @ http://localhost:3000/_next/static/chunks/src_88339d._.js:424
[100961259ms] [LOG] [VERBOSE] [Fast Refresh] rebuilding  @ http://localhost:3000/_next/static/chunks/src_88339d._.js:424
[100961448ms] [LOG] [VERBOSE] [Fast Refresh] rebuilding  @ http://localhost:3000/_next/static/chunks/src_88339d._.js:424
[100962215ms] [LOG] [VERBOSE] [Fast Refresh] rebuilding  @ http://localhost:3000/_next/static/chunks/src_88339d._.js:424
[100962216ms] [LOG] [VERBOSE] [Fast Refresh] rebuilding  @ http://localhost:3000/_next/static/chunks/src_88339d._.js:424
[100962216ms] [LOG] [VERBOSE] [Fast Refresh] rebuilding  @ http://localhost:3000/_next/static/chunks/src_88339d._.js:424
[100984800ms] [LOG] [VERBOSE] [Fast Refresh] rebuilding  @ http://localhost:3000/_next/static/chunks/src_88339d._.js:424
[100984911ms] [LOG] [VERBOSE] [Fast Refresh] rebuilding  @ http://localhost:3000/_next/static/chunks/src_88339d._.js:424
[100985609ms] [ERROR] Failed to load resource: the server responded with a status of 500 (Internal Server Error) @ http://localhost:3000/auth/signin:0
[100985609ms] [LOG] [VERBOSE] [Fast Refresh] rebuilding  @ http://localhost:3000/_next/static/chunks/src_88339d._.js:424
[100985610ms] [LOG] [VERBOSE] [Fast Refresh] rebuilding  @ http://localhost:3000/_next/static/chunks/src_88339d._.js:424
[100985847ms] [LOG] [VERBOSE] [Fast Refresh] rebuilding  @ http://localhost:3000/_next/static/chunks/src_88339d._.js:424
[100986034ms] [LOG] [VERBOSE] [Fast Refresh] rebuilding  @ http://localhost:3000/_next/static/chunks/src_88339d._.js:424
[100986183ms] [LOG] [VERBOSE] [Fast Refresh] rebuilding  @ http://localhost:3000/_next/static/chunks/src_88339d._.js:424
[100986822ms] [LOG] [VERBOSE] [Fast Refresh] rebuilding  @ http://localhost:3000/_next/static/chunks/src_88339d._.js:424
[100986825ms] [LOG] [VERBOSE] [Fast Refresh] rebuilding  @ http://localhost:3000/_next/static/chunks/src_88339d._.js:424
[100986846ms] [LOG] [VERBOSE] [Fast Refresh] rebuilding  @ http://localhost:3000/_next/static/chunks/src_88339d._.js:424
[100991141ms] [LOG] [VERBOSE] [Fast Refresh] rebuilding  @ http://localhost:3000/_next/static/chunks/src_88339d._.js:424
[100991223ms] [LOG] [VERBOSE] [Fast Refresh] rebuilding  @ http://localhost:3000/_next/static/chunks/src_88339d._.js:424
[100991274ms] [LOG] [VERBOSE] [Fast Refresh] rebuilding  @ http://localhost:3000/_next/static/chunks/src_88339d._.js:424
[100991348ms] [LOG] [VERBOSE] [Fast Refresh] rebuilding  @ http://localhost:3000/_next/static/chunks/src_88339d._.js:424
[100991899ms] [LOG] [VERBOSE] [Fast Refresh] rebuilding  @ http://localhost:3000/_next/static/chunks/src_88339d._.js:424
[100991899ms] [LOG] [VERBOSE] [Fast Refresh] rebuilding  @ http://localhost:3000/_next/static/chunks/src_88339d._.js:424
[101004195ms] [LOG] [VERBOSE] [Fast Refresh] rebuilding  @ http://localhost:3000/_next/static/chunks/src_88339d._.js:424
[101004330ms] [LOG] [VERBOSE] [Fast Refresh] rebuilding  @ http://localhost:3000/_next/static/chunks/src_88339d._.js:424
[101004423ms] [LOG] [VERBOSE] [Fast Refresh] rebuilding  @ http://localhost:3000/_next/static/chunks/src_88339d._.js:424
[101004639ms] [LOG] [VERBOSE] [Fast Refresh] rebuilding  @ http://localhost:3000/_next/static/chunks/src_88339d._.js:424
[101004757ms] [LOG] [VERBOSE] [Fast Refresh] rebuilding  @ http://localhost:3000/_next/static/chunks/src_88339d._.js:424
[101004964ms] [LOG] [VERBOSE] [Fast Refresh] rebuilding  @ http://localhost:3000/_next/static/chunks/src_88339d._.js:424
[101005256ms] [LOG] [VERBOSE] [Fast Refresh] rebuilding  @ http://localhost:3000/_next/static/chunks/src_88339d._.js:424
[101005396ms] [LOG] [VERBOSE] [Fast Refresh] rebuilding  @ http://localhost:3000/_next/static/chunks/src_88339d._.js:424
[101005438ms] [LOG] [VERBOSE] [Fast Refresh] rebuilding  @ http://localhost:3000/_next/static/chunks/src_88339d._.js:424
[101005604ms] [LOG] [VERBOSE] [Fast Refresh] rebuilding  @ http://localhost:3000/_next/static/chunks/src_88339d._.js:424
[101005757ms] [LOG] [VERBOSE] [Fast Refresh] rebuilding  @ http://localhost:3000/_next/static/chunks/src_88339d._.js:424
[101011835ms] [LOG] [VERBOSE] [Fast Refresh] rebuilding  @ http://localhost:3000/_next/static/chunks/src_88339d._.js:424
[101011922ms] [LOG] [VERBOSE] [Fast Refresh] rebuilding  @ http://localhost:3000/_next/static/chunks/src_88339d._.js:424
[101012557ms] [LOG] [VERBOSE] [Fast Refresh] rebuilding  @ http://localhost:3000/_next/static/chunks/src_88339d._.js:424
[101012558ms] [LOG] [VERBOSE] [Fast Refresh] rebuilding  @ http://localhost:3000/_next/static/chunks/src_88339d._.js:424
[101014801ms] [LOG] [VERBOSE] [Fast Refresh] rebuilding  @ http://localhost:3000/_next/static/chunks/src_88339d._.js:424
[101014956ms] [LOG] [VERBOSE] [Fast Refresh] rebuilding  @ http://localhost:3000/_next/static/chunks/src_88339d._.js:424
[101015071ms] [LOG] [VERBOSE] [Fast Refresh] rebuilding  @ http://localhost:3000/_next/static/chunks/src_88339d._.js:424
[101015641ms] [ERROR] Failed to load resource: the server responded with a status of 500 (Internal Server Error) @ http://localhost:3000/auth/signin:0
[101015641ms] [LOG] [VERBOSE] [Fast Refresh] rebuilding  @ http://localhost:3000/_next/static/chunks/src_88339d._.js:424
[101021141ms] [LOG] [VERBOSE] [Fast Refresh] rebuilding  @ http://localhost:3000/_next/static/chunks/src_88339d._.js:424
[101021267ms] [LOG] [VERBOSE] [Fast Refresh] rebuilding  @ http://localhost:3000/_next/static/chunks/src_88339d._.js:424
[101021420ms] [LOG] [VERBOSE] [Fast Refresh] rebuilding  @ http://localhost:3000/_next/static/chunks/src_88339d._.js:424
[101022278ms] [LOG] [VERBOSE] [Fast Refresh] rebuilding  @ http://localhost:3000/_next/static/chunks/src_88339d._.js:424
[101022278ms] [LOG] [VERBOSE] [Fast Refresh] rebuilding  @ http://localhost:3000/_next/static/chunks/src_88339d._.js:424
[101165585ms] [INFO] %cDownload the React DevTools for a better development experience: https://react.dev/link/react-devtools font-weight:bold @ http://localhost:3000/_next/static/chunks/node_modules_next_dist_compiled_react-dom_1f56dc._.js:13948
[101165647ms] [WARNING] Image with src "/EllipseBg.svg" has legacy prop "layout". Did you forget to run the codemod?
Read more: https://nextjs.org/docs/messages/next-image-upgrade-to-13 @ http://localhost:3000/_next/static/chunks/node_modules_next_dist_4bb10e._.js:638
[101165674ms] [LOG] [VERBOSE] Idle timer set for 5 minutes  @ http://localhost:3000/_next/static/chunks/src_88339d._.js:424
[101165697ms] [WARNING] [WARN] Image with src "http://localhost:3000/logos/gil_logo.svg" has either width or height modified, but not the other. If you use CSS to change the size of your image, also include the styles 'width: "auto"' or 'height: "auto"' to maintain the aspect ratio.  @ http://localhost:3000/_next/static/chunks/src_88339d._.js:453
[101165766ms] [LOG] [VERBOSE] [Fast Refresh] rebuilding  @ http://localhost:3000/_next/static/chunks/src_88339d._.js:424
[101165852ms] [LOG] [VERBOSE] [Fast Refresh] rebuilding  @ http://localhost:3000/_next/static/chunks/src_88339d._.js:424
[101165931ms] [LOG] [VERBOSE] [Fast Refresh] rebuilding  @ http://localhost:3000/_next/static/chunks/src_88339d._.js:424
[101165960ms] [LOG] [VERBOSE] [Fast Refresh] rebuilding  @ http://localhost:3000/_next/static/chunks/src_88339d._.js:424
[101166030ms] [LOG] [VERBOSE] [Fast Refresh] rebuilding  @ http://localhost:3000/_next/static/chunks/src_88339d._.js:424
[101167106ms] [LOG] [VERBOSE] [Fast Refresh] rebuilding  @ http://localhost:3000/_next/static/chunks/src_88339d._.js:424
[101171029ms] [LOG] [VERBOSE] [Fast Refresh] rebuilding  @ http://localhost:3000/_next/static/chunks/src_88339d._.js:424
[101171078ms] [LOG] [VERBOSE] [Fast Refresh] rebuilding  @ http://localhost:3000/_next/static/chunks/src_88339d._.js:424
[101171301ms] [LOG] [VERBOSE] [Fast Refresh] rebuilding  @ http://localhost:3000/_next/static/chunks/src_88339d._.js:424
[101171395ms] [LOG] [VERBOSE] [Fast Refresh] rebuilding  @ http://localhost:3000/_next/static/chunks/src_88339d._.js:424
[101171480ms] [LOG] [VERBOSE] [Fast Refresh] rebuilding  @ http://localhost:3000/_next/static/chunks/src_88339d._.js:424
[101173210ms] [LOG] [VERBOSE] [Fast Refresh] rebuilding  @ http://localhost:3000/_next/static/chunks/src_88339d._.js:424
[101195705ms] [LOG] [VERBOSE] [Fast Refresh] rebuilding  @ http://localhost:3000/_next/static/chunks/src_88339d._.js:424
[101195758ms] [LOG] [VERBOSE] [Fast Refresh] rebuilding  @ http://localhost:3000/_next/static/chunks/src_88339d._.js:424
[101195859ms] [LOG] [VERBOSE] [Fast Refresh] rebuilding  @ http://localhost:3000/_next/static/chunks/src_88339d._.js:424
[101197881ms] [LOG] [VERBOSE] [Fast Refresh] rebuilding  @ http://localhost:3000/_next/static/chunks/src_88339d._.js:424
[101201076ms] [LOG] [VERBOSE] [Fast Refresh] rebuilding  @ http://localhost:3000/_next/static/chunks/src_88339d._.js:424
[101201212ms] [LOG] [VERBOSE] [Fast Refresh] rebuilding  @ http://localhost:3000/_next/static/chunks/src_88339d._.js:424
[101201256ms] [LOG] [VERBOSE] [Fast Refresh] rebuilding  @ http://localhost:3000/_next/static/chunks/src_88339d._.js:424
[101201303ms] [LOG] [VERBOSE] [Fast Refresh] rebuilding  @ http://localhost:3000/_next/static/chunks/src_88339d._.js:424
[101201610ms] [LOG] [VERBOSE] [Fast Refresh] rebuilding  @ http://localhost:3000/_next/static/chunks/src_88339d._.js:424
[101201652ms] [LOG] [VERBOSE] [Fast Refresh] rebuilding  @ http://localhost:3000/_next/static/chunks/src_88339d._.js:424
[101201756ms] [LOG] [VERBOSE] [Fast Refresh] rebuilding  @ http://localhost:3000/_next/static/chunks/src_88339d._.js:424
[101201796ms] [LOG] [VERBOSE] [Fast Refresh] rebuilding  @ http://localhost:3000/_next/static/chunks/src_88339d._.js:424
[101201846ms] [LOG] [VERBOSE] [Fast Refresh] rebuilding  @ http://localhost:3000/_next/static/chunks/src_88339d._.js:424
[101201901ms] [LOG] [VERBOSE] [Fast Refresh] rebuilding  @ http://localhost:3000/_next/static/chunks/src_88339d._.js:424
[101203399ms] [LOG] [VERBOSE] [Fast Refresh] rebuilding  @ http://localhost:3000/_next/static/chunks/src_88339d._.js:424
[101225783ms] [LOG] [VERBOSE] [Fast Refresh] rebuilding  @ http://localhost:3000/_next/static/chunks/src_88339d._.js:424
[101225886ms] [LOG] [VERBOSE] [Fast Refresh] rebuilding  @ http://localhost:3000/_next/static/chunks/src_88339d._.js:424
[101226009ms] [LOG] [VERBOSE] [Fast Refresh] rebuilding  @ http://localhost:3000/_next/static/chunks/src_88339d._.js:424
[101226057ms] [LOG] [VERBOSE] [Fast Refresh] rebuilding  @ http://localhost:3000/_next/static/chunks/src_88339d._.js:424
[101228140ms] [LOG] [VERBOSE] [Fast Refresh] rebuilding  @ http://localhost:3000/_next/static/chunks/src_88339d._.js:424
[101231121ms] [LOG] [VERBOSE] [Fast Refresh] rebuilding  @ http://localhost:3000/_next/static/chunks/src_88339d._.js:424
[101231205ms] [LOG] [VERBOSE] [Fast Refresh] rebuilding  @ http://localhost:3000/_next/static/chunks/src_88339d._.js:424
[101231350ms] [LOG] [VERBOSE] [Fast Refresh] rebuilding  @ http://localhost:3000/_next/static/chunks/src_88339d._.js:424
[101231385ms] [LOG] [VERBOSE] [Fast Refresh] rebuilding  @ http://localhost:3000/_next/static/chunks/src_88339d._.js:424
[101231448ms] [LOG] [VERBOSE] [Fast Refresh] rebuilding  @ http://localhost:3000/_next/static/chunks/src_88339d._.js:424
[101231620ms] [LOG] [VERBOSE] [Fast Refresh] rebuilding  @ http://localhost:3000/_next/static/chunks/src_88339d._.js:424
[101231659ms] [LOG] [VERBOSE] [Fast Refresh] rebuilding  @ http://localhost:3000/_next/static/chunks/src_88339d._.js:424
[101231854ms] [LOG] [VERBOSE] [Fast Refresh] rebuilding  @ http://localhost:3000/_next/static/chunks/src_88339d._.js:424
[101233527ms] [LOG] [VERBOSE] [Fast Refresh] rebuilding  @ http://localhost:3000/_next/static/chunks/src_88339d._.js:424
[101255775ms] [LOG] [VERBOSE] [Fast Refresh] rebuilding  @ http://localhost:3000/_next/static/chunks/src_88339d._.js:424
[101255843ms] [LOG] [VERBOSE] [Fast Refresh] rebuilding  @ http://localhost:3000/_next/static/chunks/src_88339d._.js:424
[101255935ms] [LOG] [VERBOSE] [Fast Refresh] rebuilding  @ http://localhost:3000/_next/static/chunks/src_88339d._.js:424
[101256011ms] [LOG] [VERBOSE] [Fast Refresh] rebuilding  @ http://localhost:3000/_next/static/chunks/src_88339d._.js:424
[101256056ms] [LOG] [VERBOSE] [Fast Refresh] rebuilding  @ http://localhost:3000/_next/static/chunks/src_88339d._.js:424
[101258189ms] [LOG] [VERBOSE] [Fast Refresh] rebuilding  @ http://localhost:3000/_next/static/chunks/src_88339d._.js:424
[101261074ms] [LOG] [VERBOSE] [Fast Refresh] rebuilding  @ http://localhost:3000/_next/static/chunks/src_88339d._.js:424
[101261162ms] [LOG] [VERBOSE] [Fast Refresh] rebuilding  @ http://localhost:3000/_next/static/chunks/src_88339d._.js:424
[101261217ms] [LOG] [VERBOSE] [Fast Refresh] rebuilding  @ http://localhost:3000/_next/static/chunks/src_88339d._.js:424
[101261258ms] [LOG] [VERBOSE] [Fast Refresh] rebuilding  @ http://localhost:3000/_next/static/chunks/src_88339d._.js:424
[101261303ms] [LOG] [VERBOSE] [Fast Refresh] rebuilding  @ http://localhost:3000/_next/static/chunks/src_88339d._.js:424
[101261592ms] [LOG] [VERBOSE] [Fast Refresh] rebuilding  @ http://localhost:3000/_next/static/chunks/src_88339d._.js:424
[101261629ms] [LOG] [VERBOSE] [Fast Refresh] rebuilding  @ http://localhost:3000/_next/static/chunks/src_88339d._.js:424
[101261708ms] [LOG] [VERBOSE] [Fast Refresh] rebuilding  @ http://localhost:3000/_next/static/chunks/src_88339d._.js:424
[101263419ms] [LOG] [VERBOSE] [Fast Refresh] rebuilding  @ http://localhost:3000/_next/static/chunks/src_88339d._.js:424
[101285731ms] [LOG] [VERBOSE] [Fast Refresh] rebuilding  @ http://localhost:3000/_next/static/chunks/src_88339d._.js:424
[101285771ms] [LOG] [VERBOSE] [Fast Refresh] rebuilding  @ http://localhost:3000/_next/static/chunks/src_88339d._.js:424
[101285899ms] [LOG] [VERBOSE] [Fast Refresh] rebuilding  @ http://localhost:3000/_next/static/chunks/src_88339d._.js:424
[101285960ms] [LOG] [VERBOSE] [Fast Refresh] rebuilding  @ http://localhost:3000/_next/static/chunks/src_88339d._.js:424
[101286020ms] [LOG] [VERBOSE] [Fast Refresh] rebuilding  @ http://localhost:3000/_next/static/chunks/src_88339d._.js:424
[101288105ms] [LOG] [VERBOSE] [Fast Refresh] rebuilding  @ http://localhost:3000/_next/static/chunks/src_88339d._.js:424
[101291058ms] [LOG] [VERBOSE] [Fast Refresh] rebuilding  @ http://localhost:3000/_next/static/chunks/src_88339d._.js:424
[101291101ms] [LOG] [VERBOSE] [Fast Refresh] rebuilding  @ http://localhost:3000/_next/static/chunks/src_88339d._.js:424
[101291214ms] [LOG] [VERBOSE] [Fast Refresh] rebuilding  @ http://localhost:3000/_next/static/chunks/src_88339d._.js:424
[101291255ms] [LOG] [VERBOSE] [Fast Refresh] rebuilding  @ http://localhost:3000/_next/static/chunks/src_88339d._.js:424
[101291302ms] [LOG] [VERBOSE] [Fast Refresh] rebuilding  @ http://localhost:3000/_next/static/chunks/src_88339d._.js:424
[101291497ms] [LOG] [VERBOSE] [Fast Refresh] rebuilding  @ http://localhost:3000/_next/static/chunks/src_88339d._.js:424
[101291551ms] [LOG] [VERBOSE] [Fast Refresh] rebuilding  @ http://localhost:3000/_next/static/chunks/src_88339d._.js:424
[101293396ms] [LOG] [VERBOSE] [Fast Refresh] rebuilding  @ http://localhost:3000/_next/static/chunks/src_88339d._.js:424
[101315736ms] [LOG] [VERBOSE] [Fast Refresh] rebuilding  @ http://localhost:3000/_next/static/chunks/src_88339d._.js:424
[101315833ms] [LOG] [VERBOSE] [Fast Refresh] rebuilding  @ http://localhost:3000/_next/static/chunks/src_88339d._.js:424
[101315874ms] [LOG] [VERBOSE] [Fast Refresh] rebuilding  @ http://localhost:3000/_next/static/chunks/src_88339d._.js:424
[101315908ms] [LOG] [VERBOSE] [Fast Refresh] rebuilding  @ http://localhost:3000/_next/static/chunks/src_88339d._.js:424
[101315943ms] [LOG] [VERBOSE] [Fast Refresh] rebuilding  @ http://localhost:3000/_next/static/chunks/src_88339d._.js:424
[101318031ms] [LOG] [VERBOSE] [Fast Refresh] rebuilding  @ http://localhost:3000/_next/static/chunks/src_88339d._.js:424
[101333080ms] [LOG] [VERBOSE] [Fast Refresh] rebuilding  @ http://localhost:3000/_next/static/chunks/src_88339d._.js:424
[101333175ms] [LOG] [VERBOSE] [Fast Refresh] rebuilding  @ http://localhost:3000/_next/static/chunks/src_88339d._.js:424
[101333368ms] [LOG] [VERBOSE] [Fast Refresh] rebuilding  @ http://localhost:3000/_next/static/chunks/src_88339d._.js:424
[101333471ms] [LOG] [VERBOSE] [Fast Refresh] rebuilding  @ http://localhost:3000/_next/static/chunks/src_88339d._.js:424
[101333591ms] [LOG] [VERBOSE] [Fast Refresh] rebuilding  @ http://localhost:3000/_next/static/chunks/src_88339d._.js:424
[101333638ms] [LOG] [VERBOSE] [Fast Refresh] rebuilding  @ http://localhost:3000/_next/static/chunks/src_88339d._.js:424
[101333715ms] [LOG] [VERBOSE] [Fast Refresh] rebuilding  @ http://localhost:3000/_next/static/chunks/src_88339d._.js:424
[101335376ms] [LOG] [VERBOSE] [Fast Refresh] rebuilding  @ http://localhost:3000/_next/static/chunks/src_88339d._.js:424
[101345754ms] [LOG] [VERBOSE] [Fast Refresh] rebuilding  @ http://localhost:3000/_next/static/chunks/src_88339d._.js:424
[101345806ms] [LOG] [VERBOSE] [Fast Refresh] rebuilding  @ http://localhost:3000/_next/static/chunks/src_88339d._.js:424
[101345951ms] [LOG] [VERBOSE] [Fast Refresh] rebuilding  @ http://localhost:3000/_next/static/chunks/src_88339d._.js:424
[101346138ms] [LOG] [VERBOSE] [Fast Refresh] rebuilding  @ http://localhost:3000/_next/static/chunks/src_88339d._.js:424
[101348137ms] [LOG] [VERBOSE] [Fast Refresh] rebuilding  @ http://localhost:3000/_next/static/chunks/src_88339d._.js:424
[101375728ms] [LOG] [VERBOSE] [Fast Refresh] rebuilding  @ http://localhost:3000/_next/static/chunks/src_88339d._.js:424
[101375783ms] [LOG] [VERBOSE] [Fast Refresh] rebuilding  @ http://localhost:3000/_next/static/chunks/src_88339d._.js:424
[101375938ms] [LOG] [VERBOSE] [Fast Refresh] rebuilding  @ http://localhost:3000/_next/static/chunks/src_88339d._.js:424
[101376001ms] [LOG] [VERBOSE] [Fast Refresh] rebuilding  @ http://localhost:3000/_next/static/chunks/src_88339d._.js:424
[101378188ms] [LOG] [VERBOSE] [Fast Refresh] rebuilding  @ http://localhost:3000/_next/static/chunks/src_88339d._.js:424
[101393090ms] [LOG] [VERBOSE] [Fast Refresh] rebuilding  @ http://localhost:3000/_next/static/chunks/src_88339d._.js:424
[101393243ms] [LOG] [VERBOSE] [Fast Refresh] rebuilding  @ http://localhost:3000/_next/static/chunks/src_88339d._.js:424
[101393330ms] [LOG] [VERBOSE] [Fast Refresh] rebuilding  @ http://localhost:3000/_next/static/chunks/src_88339d._.js:424
[101393563ms] [LOG] [VERBOSE] [Fast Refresh] rebuilding  @ http://localhost:3000/_next/static/chunks/src_88339d._.js:424
[101393612ms] [LOG] [VERBOSE] [Fast Refresh] rebuilding  @ http://localhost:3000/_next/static/chunks/src_88339d._.js:424
[101393697ms] [LOG] [VERBOSE] [Fast Refresh] rebuilding  @ http://localhost:3000/_next/static/chunks/src_88339d._.js:424
[101393751ms] [LOG] [VERBOSE] [Fast Refresh] rebuilding  @ http://localhost:3000/_next/static/chunks/src_88339d._.js:424
[101395417ms] [LOG] [VERBOSE] [Fast Refresh] rebuilding  @ http://localhost:3000/_next/static/chunks/src_88339d._.js:424
[101405716ms] [LOG] [VERBOSE] [Fast Refresh] rebuilding  @ http://localhost:3000/_next/static/chunks/src_88339d._.js:424
[101405773ms] [LOG] [VERBOSE] [Fast Refresh] rebuilding  @ http://localhost:3000/_next/static/chunks/src_88339d._.js:424
[101405841ms] [LOG] [VERBOSE] [Fast Refresh] rebuilding  @ http://localhost:3000/_next/static/chunks/src_88339d._.js:424
[101405951ms] [LOG] [VERBOSE] [Fast Refresh] rebuilding  @ http://localhost:3000/_next/static/chunks/src_88339d._.js:424
[101405994ms] [LOG] [VERBOSE] [Fast Refresh] rebuilding  @ http://localhost:3000/_next/static/chunks/src_88339d._.js:424
[101408087ms] [LOG] [VERBOSE] [Fast Refresh] rebuilding  @ http://localhost:3000/_next/static/chunks/src_88339d._.js:424
[101411060ms] [LOG] [VERBOSE] [Fast Refresh] rebuilding  @ http://localhost:3000/_next/static/chunks/src_88339d._.js:424
[101411138ms] [LOG] [VERBOSE] [Fast Refresh] rebuilding  @ http://localhost:3000/_next/static/chunks/src_88339d._.js:424
[101411186ms] [LOG] [VERBOSE] [Fast Refresh] rebuilding  @ http://localhost:3000/_next/static/chunks/src_88339d._.js:424
[101411295ms] [LOG] [VERBOSE] [Fast Refresh] rebuilding  @ http://localhost:3000/_next/static/chunks/src_88339d._.js:424
[101411408ms] [LOG] [VERBOSE] [Fast Refresh] rebuilding  @ http://localhost:3000/_next/static/chunks/src_88339d._.js:424
[101412404ms] [LOG] [VERBOSE] [Fast Refresh] rebuilding  @ http://localhost:3000/_next/static/chunks/src_88339d._.js:424
[101412657ms] [LOG] [VERBOSE] [Fast Refresh] rebuilding  @ http://localhost:3000/_next/static/chunks/src_88339d._.js:424
[101412720ms] [LOG] [VERBOSE] [Fast Refresh] rebuilding  @ http://localhost:3000/_next/static/chunks/src_88339d._.js:424
[101412852ms] [LOG] [VERBOSE] [Fast Refresh] rebuilding  @ http://localhost:3000/_next/static/chunks/src_88339d._.js:424
[101412975ms] [LOG] [VERBOSE] [Fast Refresh] rebuilding  @ http://localhost:3000/_next/static/chunks/src_88339d._.js:424
[101413098ms] [LOG] [VERBOSE] [Fast Refresh] rebuilding  @ http://localhost:3000/_next/static/chunks/src_88339d._.js:424
[101413206ms] [LOG] [VERBOSE] [Fast Refresh] rebuilding  @ http://localhost:3000/_next/static/chunks/src_88339d._.js:424
[101414875ms] [LOG] [VERBOSE] [Fast Refresh] rebuilding  @ http://localhost:3000/_next/static/chunks/src_88339d._.js:424
[101435709ms] [LOG] [VERBOSE] [Fast Refresh] rebuilding  @ http://localhost:3000/_next/static/chunks/src_88339d._.js:424
[101435758ms] [LOG] [VERBOSE] [Fast Refresh] rebuilding  @ http://localhost:3000/_next/static/chunks/src_88339d._.js:424
[101435804ms] [LOG] [VERBOSE] [Fast Refresh] rebuilding  @ http://localhost:3000/_next/static/chunks/src_88339d._.js:424
[101435896ms] [LOG] [VERBOSE] [Fast Refresh] rebuilding  @ http://localhost:3000/_next/static/chunks/src_88339d._.js:424
[101436035ms] [LOG] [VERBOSE] [Fast Refresh] rebuilding  @ http://localhost:3000/_next/static/chunks/src_88339d._.js:424
[101438048ms] [LOG] [VERBOSE] [Fast Refresh] rebuilding  @ http://localhost:3000/_next/static/chunks/src_88339d._.js:424
[101443088ms] [LOG] [VERBOSE] [Fast Refresh] rebuilding  @ http://localhost:3000/_next/static/chunks/src_88339d._.js:424
[101443234ms] [LOG] [VERBOSE] [Fast Refresh] rebuilding  @ http://localhost:3000/_next/static/chunks/src_88339d._.js:424
[101443283ms] [LOG] [VERBOSE] [Fast Refresh] rebuilding  @ http://localhost:3000/_next/static/chunks/src_88339d._.js:424
[101443328ms] [LOG] [VERBOSE] [Fast Refresh] rebuilding  @ http://localhost:3000/_next/static/chunks/src_88339d._.js:424
[101443468ms] [LOG] [VERBOSE] [Fast Refresh] rebuilding  @ http://localhost:3000/_next/static/chunks/src_88339d._.js:424
[101443576ms] [LOG] [VERBOSE] [Fast Refresh] rebuilding  @ http://localhost:3000/_next/static/chunks/src_88339d._.js:424
[101443625ms] [LOG] [VERBOSE] [Fast Refresh] rebuilding  @ http://localhost:3000/_next/static/chunks/src_88339d._.js:424
[101443832ms] [LOG] [VERBOSE] [Fast Refresh] rebuilding  @ http://localhost:3000/_next/static/chunks/src_88339d._.js:424
[101445476ms] [LOG] [VERBOSE] [Fast Refresh] rebuilding  @ http://localhost:3000/_next/static/chunks/src_88339d._.js:424
[101465773ms] [LOG] [VERBOSE] [Fast Refresh] rebuilding  @ http://localhost:3000/_next/static/chunks/src_88339d._.js:424
[101465888ms] [LOG] [VERBOSE] [Fast Refresh] rebuilding  @ http://localhost:3000/_next/static/chunks/src_88339d._.js:424
[101466012ms] [LOG] [VERBOSE] [Fast Refresh] rebuilding  @ http://localhost:3000/_next/static/chunks/src_88339d._.js:424
[101466091ms] [LOG] [VERBOSE] [Fast Refresh] rebuilding  @ http://localhost:3000/_next/static/chunks/src_88339d._.js:424
[101466156ms] [LOG] [VERBOSE] [Fast Refresh] rebuilding  @ http://localhost:3000/_next/static/chunks/src_88339d._.js:424
[101466985ms] [INFO] %cDownload the React DevTools for a better development experience: https://react.dev/link/react-devtools font-weight:bold @ http://localhost:3000/_next/static/chunks/node_modules_next_dist_compiled_react-dom_1f56dc._.js:13948
[101467088ms] [WARNING] Image with src "/EllipseBg.svg" has legacy prop "layout". Did you forget to run the codemod?
Read more: https://nextjs.org/docs/messages/next-image-upgrade-to-13 @ http://localhost:3000/_next/static/chunks/node_modules_next_dist_4bb10e._.js:638
[101467120ms] [LOG] [VERBOSE] Idle timer set for 5 minutes  @ http://localhost:3000/_next/static/chunks/src_88339d._.js:424
[101467142ms] [WARNING] [WARN] Image with src "http://localhost:3000/logos/gil_logo.svg" has either width or height modified, but not the other. If you use CSS to change the size of your image, also include the styles 'width: "auto"' or 'height: "auto"' to maintain the aspect ratio.  @ http://localhost:3000/_next/static/chunks/src_88339d._.js:453
[101467204ms] [LOG] [VERBOSE] [Fast Refresh] rebuilding  @ http://localhost:3000/_next/static/chunks/src_88339d._.js:424
[101467264ms] [LOG] [VERBOSE] [Fast Refresh] rebuilding  @ http://localhost:3000/_next/static/chunks/src_88339d._.js:424
[101467315ms] [LOG] [VERBOSE] [Fast Refresh] rebuilding  @ http://localhost:3000/_next/static/chunks/src_88339d._.js:424
[101467362ms] [LOG] [VERBOSE] [Fast Refresh] rebuilding  @ http://localhost:3000/_next/static/chunks/src_88339d._.js:424
[101467405ms] [LOG] [VERBOSE] [Fast Refresh] rebuilding  @ http://localhost:3000/_next/static/chunks/src_88339d._.js:424
[101467451ms] [LOG] [VERBOSE] [Fast Refresh] rebuilding  @ http://localhost:3000/_next/static/chunks/src_88339d._.js:424
[101467546ms] [LOG] [VERBOSE] [Fast Refresh] rebuilding  @ http://localhost:3000/_next/static/chunks/src_88339d._.js:424
[101468253ms] [LOG] [VERBOSE] [Fast Refresh] rebuilding  @ http://localhost:3000/_next/static/chunks/src_88339d._.js:424
[101473089ms] [LOG] [VERBOSE] [Fast Refresh] rebuilding  @ http://localhost:3000/_next/static/chunks/src_88339d._.js:424
[101473182ms] [LOG] [VERBOSE] [Fast Refresh] rebuilding  @ http://localhost:3000/_next/static/chunks/src_88339d._.js:424
[101473237ms] [LOG] [VERBOSE] [Fast Refresh] rebuilding  @ http://localhost:3000/_next/static/chunks/src_88339d._.js:424
[101473284ms] [LOG] [VERBOSE] [Fast Refresh] rebuilding  @ http://localhost:3000/_next/static/chunks/src_88339d._.js:424
[101473318ms] [LOG] [VERBOSE] [Fast Refresh] rebuilding  @ http://localhost:3000/_next/static/chunks/src_88339d._.js:424
[101473397ms] [LOG] [VERBOSE] [Fast Refresh] rebuilding  @ http://localhost:3000/_next/static/chunks/src_88339d._.js:424
[101473590ms] [LOG] [VERBOSE] [Fast Refresh] rebuilding  @ http://localhost:3000/_next/static/chunks/src_88339d._.js:424
[101473711ms] [LOG] [VERBOSE] [Fast Refresh] rebuilding  @ http://localhost:3000/_next/static/chunks/src_88339d._.js:424
[101473788ms] [LOG] [VERBOSE] [Fast Refresh] rebuilding  @ http://localhost:3000/_next/static/chunks/src_88339d._.js:424
[101473838ms] [LOG] [VERBOSE] [Fast Refresh] rebuilding  @ http://localhost:3000/_next/static/chunks/src_88339d._.js:424
[101475502ms] [LOG] [VERBOSE] [Fast Refresh] rebuilding  @ http://localhost:3000/_next/static/chunks/src_88339d._.js:424
[101497163ms] [LOG] [VERBOSE] [Fast Refresh] rebuilding  @ http://localhost:3000/_next/static/chunks/src_88339d._.js:424
[101497208ms] [LOG] [VERBOSE] [Fast Refresh] rebuilding  @ http://localhost:3000/_next/static/chunks/src_88339d._.js:424
[101497270ms] [LOG] [VERBOSE] [Fast Refresh] rebuilding  @ http://localhost:3000/_next/static/chunks/src_88339d._.js:424
[101497335ms] [LOG] [VERBOSE] [Fast Refresh] rebuilding  @ http://localhost:3000/_next/static/chunks/src_88339d._.js:424
[101497382ms] [LOG] [VERBOSE] [Fast Refresh] rebuilding  @ http://localhost:3000/_next/static/chunks/src_88339d._.js:424
[101499515ms] [LOG] [VERBOSE] [Fast Refresh] rebuilding  @ http://localhost:3000/_next/static/chunks/src_88339d._.js:424
[101503104ms] [LOG] [VERBOSE] [Fast Refresh] rebuilding  @ http://localhost:3000/_next/static/chunks/src_88339d._.js:424
[101503163ms] [LOG] [VERBOSE] [Fast Refresh] rebuilding  @ http://localhost:3000/_next/static/chunks/src_88339d._.js:424
[101503210ms] [LOG] [VERBOSE] [Fast Refresh] rebuilding  @ http://localhost:3000/_next/static/chunks/src_88339d._.js:424
[101503271ms] [LOG] [VERBOSE] [Fast Refresh] rebuilding  @ http://localhost:3000/_next/static/chunks/src_88339d._.js:424
[101503395ms] [LOG] [VERBOSE] [Fast Refresh] rebuilding  @ http://localhost:3000/_next/static/chunks/src_88339d._.js:424
[101503588ms] [LOG] [VERBOSE] [Fast Refresh] rebuilding  @ http://localhost:3000/_next/static/chunks/src_88339d._.js:424
[101503693ms] [LOG] [VERBOSE] [Fast Refresh] rebuilding  @ http://localhost:3000/_next/static/chunks/src_88339d._.js:424
[101503833ms] [LOG] [VERBOSE] [Fast Refresh] rebuilding  @ http://localhost:3000/_next/static/chunks/src_88339d._.js:424
[101505484ms] [LOG] [VERBOSE] [Fast Refresh] rebuilding  @ http://localhost:3000/_next/static/chunks/src_88339d._.js:424
[101527189ms] [LOG] [VERBOSE] [Fast Refresh] rebuilding  @ http://localhost:3000/_next/static/chunks/src_88339d._.js:424
[101527234ms] [LOG] [VERBOSE] [Fast Refresh] rebuilding  @ http://localhost:3000/_next/static/chunks/src_88339d._.js:424
[101527284ms] [LOG] [VERBOSE] [Fast Refresh] rebuilding  @ http://localhost:3000/_next/static/chunks/src_88339d._.js:424
[101527331ms] [LOG] [VERBOSE] [Fast Refresh] rebuilding  @ http://localhost:3000/_next/static/chunks/src_88339d._.js:424
[101527417ms] [LOG] [VERBOSE] [Fast Refresh] rebuilding  @ http://localhost:3000/_next/static/chunks/src_88339d._.js:424
[101527498ms] [LOG] [VERBOSE] [Fast Refresh] rebuilding  @ http://localhost:3000/_next/static/chunks/src_88339d._.js:424
[101529597ms] [LOG] [VERBOSE] [Fast Refresh] rebuilding  @ http://localhost:3000/_next/static/chunks/src_88339d._.js:424
[101533058ms] [LOG] [VERBOSE] [Fast Refresh] rebuilding  @ http://localhost:3000/_next/static/chunks/src_88339d._.js:424
[101533138ms] [LOG] [VERBOSE] [Fast Refresh] rebuilding  @ http://localhost:3000/_next/static/chunks/src_88339d._.js:424
[101533195ms] [LOG] [VERBOSE] [Fast Refresh] rebuilding  @ http://localhost:3000/_next/static/chunks/src_88339d._.js:424
[101533264ms] [LOG] [VERBOSE] [Fast Refresh] rebuilding  @ http://localhost:3000/_next/static/chunks/src_88339d._.js:424
[101533351ms] [LOG] [VERBOSE] [Fast Refresh] rebuilding  @ http://localhost:3000/_next/static/chunks/src_88339d._.js:424
[101533452ms] [LOG] [VERBOSE] [Fast Refresh] rebuilding  @ http://localhost:3000/_next/static/chunks/src_88339d._.js:424
[101533544ms] [LOG] [VERBOSE] [Fast Refresh] rebuilding  @ http://localhost:3000/_next/static/chunks/src_88339d._.js:424
[101533589ms] [LOG] [VERBOSE] [Fast Refresh] rebuilding  @ http://localhost:3000/_next/static/chunks/src_88339d._.js:424
[101533624ms] [LOG] [VERBOSE] [Fast Refresh] rebuilding  @ http://localhost:3000/_next/static/chunks/src_88339d._.js:424
[101533657ms] [LOG] [VERBOSE] [Fast Refresh] rebuilding  @ http://localhost:3000/_next/static/chunks/src_88339d._.js:424
[101533704ms] [LOG] [VERBOSE] [Fast Refresh] rebuilding  @ http://localhost:3000/_next/static/chunks/src_88339d._.js:424
[101535363ms] [LOG] [VERBOSE] [Fast Refresh] rebuilding  @ http://localhost:3000/_next/static/chunks/src_88339d._.js:424
[101557184ms] [LOG] [VERBOSE] [Fast Refresh] rebuilding  @ http://localhost:3000/_next/static/chunks/src_88339d._.js:424
[101557240ms] [LOG] [VERBOSE] [Fast Refresh] rebuilding  @ http://localhost:3000/_next/static/chunks/src_88339d._.js:424
[101557319ms] [LOG] [VERBOSE] [Fast Refresh] rebuilding  @ http://localhost:3000/_next/static/chunks/src_88339d._.js:424
[101557428ms] [LOG] [VERBOSE] [Fast Refresh] rebuilding  @ http://localhost:3000/_next/static/chunks/src_88339d._.js:424
[101559533ms] [LOG] [VERBOSE] [Fast Refresh] rebuilding  @ http://localhost:3000/_next/static/chunks/src_88339d._.js:424
[101563214ms] [LOG] [VERBOSE] [Fast Refresh] rebuilding  @ http://localhost:3000/_next/static/chunks/src_88339d._.js:424
[101563248ms] [LOG] [VERBOSE] [Fast Refresh] rebuilding  @ http://localhost:3000/_next/static/chunks/src_88339d._.js:424
[101563323ms] [LOG] [VERBOSE] [Fast Refresh] rebuilding  @ http://localhost:3000/_next/static/chunks/src_88339d._.js:424
[101563356ms] [LOG] [VERBOSE] [Fast Refresh] rebuilding  @ http://localhost:3000/_next/static/chunks/src_88339d._.js:424
[101563434ms] [LOG] [VERBOSE] [Fast Refresh] rebuilding  @ http://localhost:3000/_next/static/chunks/src_88339d._.js:424
[101563529ms] [LOG] [VERBOSE] [Fast Refresh] rebuilding  @ http://localhost:3000/_next/static/chunks/src_88339d._.js:424
[101563640ms] [LOG] [VERBOSE] [Fast Refresh] rebuilding  @ http://localhost:3000/_next/static/chunks/src_88339d._.js:424
[101563784ms] [LOG] [VERBOSE] [Fast Refresh] rebuilding  @ http://localhost:3000/_next/static/chunks/src_88339d._.js:424
[101563838ms] [LOG] [VERBOSE] [Fast Refresh] rebuilding  @ http://localhost:3000/_next/static/chunks/src_88339d._.js:424
[101563917ms] [LOG] [VERBOSE] [Fast Refresh] rebuilding  @ http://localhost:3000/_next/static/chunks/src_88339d._.js:424
[101565537ms] [LOG] [VERBOSE] [Fast Refresh] rebuilding  @ http://localhost:3000/_next/static/chunks/src_88339d._.js:424
[101587191ms] [LOG] [VERBOSE] [Fast Refresh] rebuilding  @ http://localhost:3000/_next/static/chunks/src_88339d._.js:424
[101587254ms] [LOG] [VERBOSE] [Fast Refresh] rebuilding  @ http://localhost:3000/_next/static/chunks/src_88339d._.js:424
[101587299ms] [LOG] [VERBOSE] [Fast Refresh] rebuilding  @ http://localhost:3000/_next/static/chunks/src_88339d._.js:424
[101587424ms] [LOG] [VERBOSE] [Fast Refresh] rebuilding  @ http://localhost:3000/_next/static/chunks/src_88339d._.js:424
[101589585ms] [LOG] [VERBOSE] [Fast Refresh] rebuilding  @ http://localhost:3000/_next/static/chunks/src_88339d._.js:424
[101593051ms] [LOG] [VERBOSE] [Fast Refresh] rebuilding  @ http://localhost:3000/_next/static/chunks/src_88339d._.js:424
[101593112ms] [LOG] [VERBOSE] [Fast Refresh] rebuilding  @ http://localhost:3000/_next/static/chunks/src_88339d._.js:424
[101593196ms] [LOG] [VERBOSE] [Fast Refresh] rebuilding  @ http://localhost:3000/_next/static/chunks/src_88339d._.js:424
[101593429ms] [LOG] [VERBOSE] [Fast Refresh] rebuilding  @ http://localhost:3000/_next/static/chunks/src_88339d._.js:424
[101593503ms] [LOG] [VERBOSE] [Fast Refresh] rebuilding  @ http://localhost:3000/_next/static/chunks/src_88339d._.js:424
[101593595ms] [LOG] [VERBOSE] [Fast Refresh] rebuilding  @ http://localhost:3000/_next/static/chunks/src_88339d._.js:424
[101593648ms] [LOG] [VERBOSE] [Fast Refresh] rebuilding  @ http://localhost:3000/_next/static/chunks/src_88339d._.js:424
[101595346ms] [LOG] [VERBOSE] [Fast Refresh] rebuilding  @ http://localhost:3000/_next/static/chunks/src_88339d._.js:424
[101617196ms] [LOG] [VERBOSE] [Fast Refresh] rebuilding  @ http://localhost:3000/_next/static/chunks/src_88339d._.js:424
[101617292ms] [LOG] [VERBOSE] [Fast Refresh] rebuilding  @ http://localhost:3000/_next/static/chunks/src_88339d._.js:424
[101617341ms] [LOG] [VERBOSE] [Fast Refresh] rebuilding  @ http://localhost:3000/_next/static/chunks/src_88339d._.js:424
[101617511ms] [LOG] [VERBOSE] [Fast Refresh] rebuilding  @ http://localhost:3000/_next/static/chunks/src_88339d._.js:424
[101619514ms] [LOG] [VERBOSE] [Fast Refresh] rebuilding  @ http://localhost:3000/_next/static/chunks/src_88339d._.js:424
[101622337ms] [LOG] [VERBOSE] [Fast Refresh] rebuilding  @ http://localhost:3000/_next/static/chunks/src_88339d._.js:424
[101622393ms] [LOG] [VERBOSE] [Fast Refresh] rebuilding  @ http://localhost:3000/_next/static/chunks/src_88339d._.js:424
[101622495ms] [LOG] [VERBOSE] [Fast Refresh] rebuilding  @ http://localhost:3000/_next/static/chunks/src_88339d._.js:424
[101622556ms] [LOG] [VERBOSE] [Fast Refresh] rebuilding  @ http://localhost:3000/_next/static/chunks/src_88339d._.js:424
[101622691ms] [LOG] [VERBOSE] [Fast Refresh] rebuilding  @ http://localhost:3000/_next/static/chunks/src_88339d._.js:424
[101622826ms] [LOG] [VERBOSE] [Fast Refresh] rebuilding  @ http://localhost:3000/_next/static/chunks/src_88339d._.js:424
[101622866ms] [LOG] [VERBOSE] [Fast Refresh] rebuilding  @ http://localhost:3000/_next/static/chunks/src_88339d._.js:424
[101622917ms] [LOG] [VERBOSE] [Fast Refresh] rebuilding  @ http://localhost:3000/_next/static/chunks/src_88339d._.js:424
[101622964ms] [LOG] [VERBOSE] [Fast Refresh] rebuilding  @ http://localhost:3000/_next/static/chunks/src_88339d._.js:424
[101623006ms] [LOG] [VERBOSE] [Fast Refresh] rebuilding  @ http://localhost:3000/_next/static/chunks/src_88339d._.js:424
[101623040ms] [LOG] [VERBOSE] [Fast Refresh] rebuilding  @ http://localhost:3000/_next/static/chunks/src_88339d._.js:424
[101624695ms] [LOG] [VERBOSE] [Fast Refresh] rebuilding  @ http://localhost:3000/_next/static/chunks/src_88339d._.js:424
[101647165ms] [LOG] [VERBOSE] [Fast Refresh] rebuilding  @ http://localhost:3000/_next/static/chunks/src_88339d._.js:424
[101647216ms] [LOG] [VERBOSE] [Fast Refresh] rebuilding  @ http://localhost:3000/_next/static/chunks/src_88339d._.js:424
[101647308ms] [LOG] [VERBOSE] [Fast Refresh] rebuilding  @ http://localhost:3000/_next/static/chunks/src_88339d._.js:424
[101647344ms] [LOG] [VERBOSE] [Fast Refresh] rebuilding  @ http://localhost:3000/_next/static/chunks/src_88339d._.js:424
[101647387ms] [LOG] [VERBOSE] [Fast Refresh] rebuilding  @ http://localhost:3000/_next/static/chunks/src_88339d._.js:424
[101647449ms] [LOG] [VERBOSE] [Fast Refresh] rebuilding  @ http://localhost:3000/_next/static/chunks/src_88339d._.js:424
[101649577ms] [LOG] [VERBOSE] [Fast Refresh] rebuilding  @ http://localhost:3000/_next/static/chunks/src_88339d._.js:424
[101652321ms] [LOG] [VERBOSE] [Fast Refresh] rebuilding  @ http://localhost:3000/_next/static/chunks/src_88339d._.js:424
[101652385ms] [LOG] [VERBOSE] [Fast Refresh] rebuilding  @ http://localhost:3000/_next/static/chunks/src_88339d._.js:424
[101652470ms] [LOG] [VERBOSE] [Fast Refresh] rebuilding  @ http://localhost:3000/_next/static/chunks/src_88339d._.js:424
[101652513ms] [LOG] [VERBOSE] [Fast Refresh] rebuilding  @ http://localhost:3000/_next/static/chunks/src_88339d._.js:424
[101652561ms] [LOG] [VERBOSE] [Fast Refresh] rebuilding  @ http://localhost:3000/_next/static/chunks/src_88339d._.js:424
[101652862ms] [LOG] [VERBOSE] [Fast Refresh] rebuilding  @ http://localhost:3000/_next/static/chunks/src_88339d._.js:424
[101652950ms] [LOG] [VERBOSE] [Fast Refresh] rebuilding  @ http://localhost:3000/_next/static/chunks/src_88339d._.js:424
[101652999ms] [LOG] [VERBOSE] [Fast Refresh] rebuilding  @ http://localhost:3000/_next/static/chunks/src_88339d._.js:424
[101653059ms] [LOG] [VERBOSE] [Fast Refresh] rebuilding  @ http://localhost:3000/_next/static/chunks/src_88339d._.js:424
[101653108ms] [LOG] [VERBOSE] [Fast Refresh] rebuilding  @ http://localhost:3000/_next/static/chunks/src_88339d._.js:424
[101654660ms] [LOG] [VERBOSE] [Fast Refresh] rebuilding  @ http://localhost:3000/_next/static/chunks/src_88339d._.js:424
[101659683ms] [LOG] [VERBOSE] [Fast Refresh] rebuilding  @ http://localhost:3000/_next/static/chunks/src_88339d._.js:424
[101659745ms] [LOG] [VERBOSE] [Fast Refresh] rebuilding  @ http://localhost:3000/_next/static/chunks/src_88339d._.js:424
[101659808ms] [LOG] [VERBOSE] [Fast Refresh] rebuilding  @ http://localhost:3000/_next/static/chunks/src_88339d._.js:424
[101659863ms] [LOG] [VERBOSE] [Fast Refresh] rebuilding  @ http://localhost:3000/_next/static/chunks/src_88339d._.js:424
[101659902ms] [LOG] [VERBOSE] [Fast Refresh] rebuilding  @ http://localhost:3000/_next/static/chunks/src_88339d._.js:424
[101660088ms] [LOG] [VERBOSE] [Fast Refresh] rebuilding  @ http://localhost:3000/_next/static/chunks/src_88339d._.js:424
[101661928ms] [LOG] [VERBOSE] [Fast Refresh] rebuilding  @ http://localhost:3000/_next/static/chunks/src_88339d._.js:424
[101677004ms] [LOG] [VERBOSE] [Fast Refresh] rebuilding  @ http://localhost:3000/_next/static/chunks/src_88339d._.js:424
[101677320ms] [LOG] [VERBOSE] [Fast Refresh] rebuilding  @ http://localhost:3000/_next/static/chunks/src_88339d._.js:424
[101677484ms] [LOG] [VERBOSE] [Fast Refresh] rebuilding  @ http://localhost:3000/_next/static/chunks/src_88339d._.js:424
[101677551ms] [LOG] [VERBOSE] [Fast Refresh] rebuilding  @ http://localhost:3000/_next/static/chunks/src_88339d._.js:424
[101677719ms] [LOG] [VERBOSE] [Fast Refresh] rebuilding  @ http://localhost:3000/_next/static/chunks/src_88339d._.js:424
[101677971ms] [LOG] [VERBOSE] [Fast Refresh] rebuilding  @ http://localhost:3000/_next/static/chunks/src_88339d._.js:424
[101678671ms] [LOG] [VERBOSE] [Fast Refresh] rebuilding  @ http://localhost:3000/_next/static/chunks/src_88339d._.js:424
[101678736ms] [LOG] [VERBOSE] [Fast Refresh] rebuilding  @ http://localhost:3000/_next/static/chunks/src_88339d._.js:424
[101679097ms] [LOG] [VERBOSE] [Fast Refresh] rebuilding  @ http://localhost:3000/_next/static/chunks/src_88339d._.js:424
[101679647ms] [LOG] [VERBOSE] [Fast Refresh] rebuilding  @ http://localhost:3000/_next/static/chunks/src_88339d._.js:424
[101679822ms] [LOG] [VERBOSE] [Fast Refresh] rebuilding  @ http://localhost:3000/_next/static/chunks/src_88339d._.js:424
[101679860ms] [LOG] [VERBOSE] [Fast Refresh] rebuilding  @ http://localhost:3000/_next/static/chunks/src_88339d._.js:424
[101679937ms] [LOG] [VERBOSE] [Fast Refresh] rebuilding  @ http://localhost:3000/_next/static/chunks/src_88339d._.js:424
[101680011ms] [LOG] [VERBOSE] [Fast Refresh] rebuilding  @ http://localhost:3000/_next/static/chunks/src_88339d._.js:424
[101680229ms] [LOG] [VERBOSE] [Fast Refresh] rebuilding  @ http://localhost:3000/_next/static/chunks/src_88339d._.js:424
[101681161ms] [LOG] [VERBOSE] [Fast Refresh] rebuilding  @ http://localhost:3000/_next/static/chunks/src_88339d._.js:424
[101682284ms] [LOG] [VERBOSE] [Fast Refresh] rebuilding  @ http://localhost:3000/_next/static/chunks/src_88339d._.js:424
[101682346ms] [LOG] [VERBOSE] [Fast Refresh] rebuilding  @ http://localhost:3000/_next/static/chunks/src_88339d._.js:424
[101683220ms] [LOG] [VERBOSE] [Fast Refresh] rebuilding  @ http://localhost:3000/_next/static/chunks/src_88339d._.js:424
[101683446ms] [LOG] [VERBOSE] [Fast Refresh] rebuilding  @ http://localhost:3000/_next/static/chunks/src_88339d._.js:424
[101683533ms] [LOG] [VERBOSE] [Fast Refresh] rebuilding  @ http://localhost:3000/_next/static/chunks/src_88339d._.js:424
[101683699ms] [LOG] [VERBOSE] [Fast Refresh] rebuilding  @ http://localhost:3000/_next/static/chunks/src_88339d._.js:424
[101683858ms] [LOG] [VERBOSE] [Fast Refresh] rebuilding  @ http://localhost:3000/_next/static/chunks/src_88339d._.js:424
[101683903ms] [LOG] [VERBOSE] [Fast Refresh] rebuilding  @ http://localhost:3000/_next/static/chunks/src_88339d._.js:424
[101684094ms] [LOG] [VERBOSE] [Fast Refresh] rebuilding  @ http://localhost:3000/_next/static/chunks/src_88339d._.js:424
[101684672ms] [LOG] [VERBOSE] [Fast Refresh] rebuilding  @ http://localhost:3000/_next/static/chunks/src_88339d._.js:424
[101684871ms] [LOG] [VERBOSE] [Fast Refresh] rebuilding  @ http://localhost:3000/_next/static/chunks/src_88339d._.js:424
[101685171ms] [LOG] [VERBOSE] [Fast Refresh] rebuilding  @ http://localhost:3000/_next/static/chunks/src_88339d._.js:424
[101687147ms] [LOG] [VERBOSE] [Fast Refresh] rebuilding  @ http://localhost:3000/_next/static/chunks/src_88339d._.js:424
[101687198ms] [LOG] [VERBOSE] [Fast Refresh] rebuilding  @ http://localhost:3000/_next/static/chunks/src_88339d._.js:424
[101687293ms] [LOG] [VERBOSE] [Fast Refresh] rebuilding  @ http://localhost:3000/_next/static/chunks/src_88339d._.js:424
[101687484ms] [LOG] [VERBOSE] [Fast Refresh] rebuilding  @ http://localhost:3000/_next/static/chunks/src_88339d._.js:424
[101687600ms] [LOG] [VERBOSE] [Fast Refresh] rebuilding  @ http://localhost:3000/_next/static/chunks/src_88339d._.js:424
[101687770ms] [LOG] [VERBOSE] [Fast Refresh] rebuilding  @ http://localhost:3000/_next/static/chunks/src_88339d._.js:424
[101687884ms] [LOG] [VERBOSE] [Fast Refresh] rebuilding  @ http://localhost:3000/_next/static/chunks/src_88339d._.js:424
[101687947ms] [LOG] [VERBOSE] [Fast Refresh] rebuilding  @ http://localhost:3000/_next/static/chunks/src_88339d._.js:424
[101688444ms] [LOG] [VERBOSE] [Fast Refresh] rebuilding  @ http://localhost:3000/_next/static/chunks/src_88339d._.js:424
[101688646ms] [LOG] [VERBOSE] [Fast Refresh] rebuilding  @ http://localhost:3000/_next/static/chunks/src_88339d._.js:424
[101688711ms] [LOG] [VERBOSE] [Fast Refresh] rebuilding  @ http://localhost:3000/_next/static/chunks/src_88339d._.js:424
[101689522ms] [LOG] [VERBOSE] [Fast Refresh] rebuilding  @ http://localhost:3000/_next/static/chunks/src_88339d._.js:424
[101689670ms] [LOG] [VERBOSE] [Fast Refresh] rebuilding  @ http://localhost:3000/_next/static/chunks/src_88339d._.js:424
[101689834ms] [LOG] [VERBOSE] [Fast Refresh] rebuilding  @ http://localhost:3000/_next/static/chunks/src_88339d._.js:424
[101690001ms] [LOG] [VERBOSE] [Fast Refresh] rebuilding  @ http://localhost:3000/_next/static/chunks/src_88339d._.js:424
[101690082ms] [LOG] [VERBOSE] [Fast Refresh] rebuilding  @ http://localhost:3000/_next/static/chunks/src_88339d._.js:424
[101690129ms] [LOG] [VERBOSE] [Fast Refresh] rebuilding  @ http://localhost:3000/_next/static/chunks/src_88339d._.js:424
[101690360ms] [LOG] [VERBOSE] [Fast Refresh] rebuilding  @ http://localhost:3000/_next/static/chunks/src_88339d._.js:424
[101690878ms] [LOG] [VERBOSE] [Fast Refresh] rebuilding  @ http://localhost:3000/_next/static/chunks/src_88339d._.js:424
[101691364ms] [LOG] [VERBOSE] [Fast Refresh] rebuilding  @ http://localhost:3000/_next/static/chunks/src_88339d._.js:424
[101691612ms] [LOG] [VERBOSE] [Fast Refresh] rebuilding  @ http://localhost:3000/_next/static/chunks/src_88339d._.js:424
[101691699ms] [LOG] [VERBOSE] [Fast Refresh] rebuilding  @ http://localhost:3000/_next/static/chunks/src_88339d._.js:424
[101691904ms] [LOG] [VERBOSE] [Fast Refresh] rebuilding  @ http://localhost:3000/_next/static/chunks/src_88339d._.js:424
[101691966ms] [LOG] [VERBOSE] [Fast Refresh] rebuilding  @ http://localhost:3000/_next/static/chunks/src_88339d._.js:424
[101692375ms] [LOG] [VERBOSE] [Fast Refresh] rebuilding  @ http://localhost:3000/_next/static/chunks/src_88339d._.js:424
[101693312ms] [LOG] [VERBOSE] [Fast Refresh] rebuilding  @ http://localhost:3000/_next/static/chunks/src_88339d._.js:424
[101693559ms] [LOG] [VERBOSE] [Fast Refresh] rebuilding  @ http://localhost:3000/_next/static/chunks/src_88339d._.js:424
[101693725ms] [LOG] [VERBOSE] [Fast Refresh] rebuilding  @ http://localhost:3000/_next/static/chunks/src_88339d._.js:424
[101693772ms] [LOG] [VERBOSE] [Fast Refresh] rebuilding  @ http://localhost:3000/_next/static/chunks/src_88339d._.js:424
[101693820ms] [LOG] [VERBOSE] [Fast Refresh] rebuilding  @ http://localhost:3000/_next/static/chunks/src_88339d._.js:424
[101693970ms] [LOG] [VERBOSE] [Fast Refresh] rebuilding  @ http://localhost:3000/_next/static/chunks/src_88339d._.js:424
[101694031ms] [LOG] [VERBOSE] [Fast Refresh] rebuilding  @ http://localhost:3000/_next/static/chunks/src_88339d._.js:424
[101695496ms] [LOG] [VERBOSE] [Fast Refresh] rebuilding  @ http://localhost:3000/_next/static/chunks/src_88339d._.js:424
[101695993ms] [LOG] [VERBOSE] [Fast Refresh] rebuilding  @ http://localhost:3000/_next/static/chunks/src_88339d._.js:424
[101696167ms] [LOG] [VERBOSE] [Fast Refresh] rebuilding  @ http://localhost:3000/_next/static/chunks/src_88339d._.js:424
[101696249ms] [LOG] [VERBOSE] [Fast Refresh] rebuilding  @ http://localhost:3000/_next/static/chunks/src_88339d._.js:424
[101696315ms] [LOG] [VERBOSE] [Fast Refresh] rebuilding  @ http://localhost:3000/_next/static/chunks/src_88339d._.js:424
[101696523ms] [LOG] [VERBOSE] [Fast Refresh] rebuilding  @ http://localhost:3000/_next/static/chunks/src_88339d._.js:424
[101697845ms] [LOG] [VERBOSE] [Fast Refresh] rebuilding  @ http://localhost:3000/_next/static/chunks/src_88339d._.js:424
[101697905ms] [LOG] [VERBOSE] [Fast Refresh] rebuilding  @ http://localhost:3000/_next/static/chunks/src_88339d._.js:424
[101698024ms] [LOG] [VERBOSE] [Fast Refresh] rebuilding  @ http://localhost:3000/_next/static/chunks/src_88339d._.js:424
[101698150ms] [LOG] [VERBOSE] [Fast Refresh] rebuilding  @ http://localhost:3000/_next/static/chunks/src_88339d._.js:424
[101698200ms] [LOG] [VERBOSE] [Fast Refresh] rebuilding  @ http://localhost:3000/_next/static/chunks/src_88339d._.js:424
[101698434ms] [LOG] [VERBOSE] [Fast Refresh] rebuilding  @ http://localhost:3000/_next/static/chunks/src_88339d._.js:424
[101698500ms] [LOG] [VERBOSE] [Fast Refresh] rebuilding  @ http://localhost:3000/_next/static/chunks/src_88339d._.js:424
[101699841ms] [LOG] [VERBOSE] [Fast Refresh] rebuilding  @ http://localhost:3000/_next/static/chunks/src_88339d._.js:424
[101700001ms] [LOG] [VERBOSE] [Fast Refresh] rebuilding  @ http://localhost:3000/_next/static/chunks/src_88339d._.js:424
[101700069ms] [LOG] [VERBOSE] [Fast Refresh] rebuilding  @ http://localhost:3000/_next/static/chunks/src_88339d._.js:424
[101700284ms] [LOG] [VERBOSE] [Fast Refresh] rebuilding  @ http://localhost:3000/_next/static/chunks/src_88339d._.js:424
[101700462ms] [LOG] [VERBOSE] [Fast Refresh] rebuilding  @ http://localhost:3000/_next/static/chunks/src_88339d._.js:424
[101700723ms] [LOG] [VERBOSE] [Fast Refresh] rebuilding  @ http://localhost:3000/_next/static/chunks/src_88339d._.js:424
[101701687ms] [LOG] [VERBOSE] [Fast Refresh] rebuilding  @ http://localhost:3000/_next/static/chunks/src_88339d._.js:424
[101701746ms] [LOG] [VERBOSE] [Fast Refresh] rebuilding  @ http://localhost:3000/_next/static/chunks/src_88339d._.js:424
[101701813ms] [LOG] [VERBOSE] [Fast Refresh] rebuilding  @ http://localhost:3000/_next/static/chunks/src_88339d._.js:424
[101701915ms] [LOG] [VERBOSE] [Fast Refresh] rebuilding  @ http://localhost:3000/_next/static/chunks/src_88339d._.js:424
[101701981ms] [LOG] [VERBOSE] [Fast Refresh] rebuilding  @ http://localhost:3000/_next/static/chunks/src_88339d._.js:424
[101702043ms] [LOG] [VERBOSE] [Fast Refresh] rebuilding  @ http://localhost:3000/_next/static/chunks/src_88339d._.js:424
[101702241ms] [LOG] [VERBOSE] [Fast Refresh] rebuilding  @ http://localhost:3000/_next/static/chunks/src_88339d._.js:424
[101702277ms] [LOG] [VERBOSE] [Fast Refresh] rebuilding  @ http://localhost:3000/_next/static/chunks/src_88339d._.js:424
[101703079ms] [LOG] [VERBOSE] [Fast Refresh] rebuilding  @ http://localhost:3000/_next/static/chunks/src_88339d._.js:424
[101704740ms] [LOG] [VERBOSE] [Fast Refresh] rebuilding  @ http://localhost:3000/_next/static/chunks/src_88339d._.js:424
[101704915ms] [LOG] [VERBOSE] [Fast Refresh] rebuilding  @ http://localhost:3000/_next/static/chunks/src_88339d._.js:424
[101704965ms] [LOG] [VERBOSE] [Fast Refresh] rebuilding  @ http://localhost:3000/_next/static/chunks/src_88339d._.js:424
[101705054ms] [LOG] [VERBOSE] [Fast Refresh] rebuilding  @ http://localhost:3000/_next/static/chunks/src_88339d._.js:424
[101705225ms] [LOG] [VERBOSE] [Fast Refresh] rebuilding  @ http://localhost:3000/_next/static/chunks/src_88339d._.js:424
[101705293ms] [LOG] [VERBOSE] [Fast Refresh] rebuilding  @ http://localhost:3000/_next/static/chunks/src_88339d._.js:424
[101706692ms] [LOG] [VERBOSE] [Fast Refresh] rebuilding  @ http://localhost:3000/_next/static/chunks/src_88339d._.js:424
[101707190ms] [LOG] [VERBOSE] [Fast Refresh] rebuilding  @ http://localhost:3000/_next/static/chunks/src_88339d._.js:424
[101707387ms] [LOG] [VERBOSE] [Fast Refresh] rebuilding  @ http://localhost:3000/_next/static/chunks/src_88339d._.js:424
[101707437ms] [LOG] [VERBOSE] [Fast Refresh] rebuilding  @ http://localhost:3000/_next/static/chunks/src_88339d._.js:424
[101707501ms] [LOG] [VERBOSE] [Fast Refresh] rebuilding  @ http://localhost:3000/_next/static/chunks/src_88339d._.js:424
[101707871ms] [LOG] [VERBOSE] [Fast Refresh] rebuilding  @ http://localhost:3000/_next/static/chunks/src_88339d._.js:424
[101707948ms] [LOG] [VERBOSE] [Fast Refresh] rebuilding  @ http://localhost:3000/_next/static/chunks/src_88339d._.js:424
[101708086ms] [LOG] [VERBOSE] [Fast Refresh] rebuilding  @ http://localhost:3000/_next/static/chunks/src_88339d._.js:424
[101710089ms] [LOG] [VERBOSE] [Fast Refresh] rebuilding  @ http://localhost:3000/_next/static/chunks/src_88339d._.js:424
[101712321ms] [LOG] [VERBOSE] [Fast Refresh] rebuilding  @ http://localhost:3000/_next/static/chunks/src_88339d._.js:424
[101712548ms] [LOG] [VERBOSE] [Fast Refresh] rebuilding  @ http://localhost:3000/_next/static/chunks/src_88339d._.js:424
[101712624ms] [LOG] [VERBOSE] [Fast Refresh] rebuilding  @ http://localhost:3000/_next/static/chunks/src_88339d._.js:424
[101712813ms] [LOG] [VERBOSE] [Fast Refresh] rebuilding  @ http://localhost:3000/_next/static/chunks/src_88339d._.js:424
[101712850ms] [LOG] [VERBOSE] [Fast Refresh] rebuilding  @ http://localhost:3000/_next/static/chunks/src_88339d._.js:424
[101713009ms] [LOG] [VERBOSE] [Fast Refresh] rebuilding  @ http://localhost:3000/_next/static/chunks/src_88339d._.js:424
[101715016ms] [LOG] [VERBOSE] [Fast Refresh] rebuilding  @ http://localhost:3000/_next/static/chunks/src_88339d._.js:424
[101717089ms] [LOG] [VERBOSE] [Fast Refresh] rebuilding  @ http://localhost:3000/_next/static/chunks/src_88339d._.js:424
[101737228ms] [LOG] [VERBOSE] [Fast Refresh] rebuilding  @ http://localhost:3000/_next/static/chunks/src_88339d._.js:424
[101737419ms] [LOG] [VERBOSE] [Fast Refresh] rebuilding  @ http://localhost:3000/_next/static/chunks/src_88339d._.js:424
[101737552ms] [LOG] [VERBOSE] [Fast Refresh] rebuilding  @ http://localhost:3000/_next/static/chunks/src_88339d._.js:424
[101737728ms] [LOG] [VERBOSE] [Fast Refresh] rebuilding  @ http://localhost:3000/_next/static/chunks/src_88339d._.js:424
[101737944ms] [LOG] [VERBOSE] [Fast Refresh] rebuilding  @ http://localhost:3000/_next/static/chunks/src_88339d._.js:424
[101739960ms] [LOG] [VERBOSE] [Fast Refresh] rebuilding  @ http://localhost:3000/_next/static/chunks/src_88339d._.js:424
[101742317ms] [LOG] [VERBOSE] [Fast Refresh] rebuilding  @ http://localhost:3000/_next/static/chunks/src_88339d._.js:424
[101742513ms] [LOG] [VERBOSE] [Fast Refresh] rebuilding  @ http://localhost:3000/_next/static/chunks/src_88339d._.js:424
[101742640ms] [LOG] [VERBOSE] [Fast Refresh] rebuilding  @ http://localhost:3000/_next/static/chunks/src_88339d._.js:424
[101742821ms] [LOG] [VERBOSE] [Fast Refresh] rebuilding  @ http://localhost:3000/_next/static/chunks/src_88339d._.js:424
[101742870ms] [LOG] [VERBOSE] [Fast Refresh] rebuilding  @ http://localhost:3000/_next/static/chunks/src_88339d._.js:424
[101742916ms] [LOG] [VERBOSE] [Fast Refresh] rebuilding  @ http://localhost:3000/_next/static/chunks/src_88339d._.js:424
[101745028ms] [LOG] [VERBOSE] [Fast Refresh] rebuilding  @ http://localhost:3000/_next/static/chunks/src_88339d._.js:424
[101767220ms] [LOG] [VERBOSE] [Fast Refresh] rebuilding  @ http://localhost:3000/_next/static/chunks/src_88339d._.js:424
[101767557ms] [LOG] [VERBOSE] [Fast Refresh] rebuilding  @ http://localhost:3000/_next/static/chunks/src_88339d._.js:424
[101767620ms] [LOG] [VERBOSE] [Fast Refresh] rebuilding  @ http://localhost:3000/_next/static/chunks/src_88339d._.js:424
[101767690ms] [LOG] [VERBOSE] [Fast Refresh] rebuilding  @ http://localhost:3000/_next/static/chunks/src_88339d._.js:424
[101767989ms] [LOG] [VERBOSE] [Fast Refresh] rebuilding  @ http://localhost:3000/_next/static/chunks/src_88339d._.js:424
[101768051ms] [LOG] [VERBOSE] [Fast Refresh] rebuilding  @ http://localhost:3000/_next/static/chunks/src_88339d._.js:424
[101768971ms] [INFO] %cDownload the React DevTools for a better development experience: https://react.dev/link/react-devtools font-weight:bold @ http://localhost:3000/_next/static/chunks/node_modules_next_dist_compiled_react-dom_1f56dc._.js:13948
[101769055ms] [WARNING] Image with src "/EllipseBg.svg" has legacy prop "layout". Did you forget to run the codemod?
Read more: https://nextjs.org/docs/messages/next-image-upgrade-to-13 @ http://localhost:3000/_next/static/chunks/node_modules_next_dist_4bb10e._.js:638
[101769084ms] [LOG] [VERBOSE] Idle timer set for 5 minutes  @ http://localhost:3000/_next/static/chunks/src_88339d._.js:424
[101769101ms] [WARNING] [WARN] Image with src "http://localhost:3000/logos/gil_logo.svg" has either width or height modified, but not the other. If you use CSS to change the size of your image, also include the styles 'width: "auto"' or 'height: "auto"' to maintain the aspect ratio.  @ http://localhost:3000/_next/static/chunks/src_88339d._.js:453
[101769170ms] [LOG] [VERBOSE] [Fast Refresh] rebuilding  @ http://localhost:3000/_next/static/chunks/src_88339d._.js:424
[101769378ms] [LOG] [VERBOSE] [Fast Refresh] rebuilding  @ http://localhost:3000/_next/static/chunks/src_88339d._.js:424
[101769420ms] [LOG] [VERBOSE] [Fast Refresh] rebuilding  @ http://localhost:3000/_next/static/chunks/src_88339d._.js:424
[101769559ms] [LOG] [VERBOSE] [Fast Refresh] rebuilding  @ http://localhost:3000/_next/static/chunks/src_88339d._.js:424
[101770203ms] [LOG] [VERBOSE] [Fast Refresh] rebuilding  @ http://localhost:3000/_next/static/chunks/src_88339d._.js:424
[101772323ms] [LOG] [VERBOSE] [Fast Refresh] rebuilding  @ http://localhost:3000/_next/static/chunks/src_88339d._.js:424
[101772547ms] [LOG] [VERBOSE] [Fast Refresh] rebuilding  @ http://localhost:3000/_next/static/chunks/src_88339d._.js:424
[101772633ms] [LOG] [VERBOSE] [Fast Refresh] rebuilding  @ http://localhost:3000/_next/static/chunks/src_88339d._.js:424
[101772809ms] [LOG] [VERBOSE] [Fast Refresh] rebuilding  @ http://localhost:3000/_next/static/chunks/src_88339d._.js:424
[101772890ms] [LOG] [VERBOSE] [Fast Refresh] rebuilding  @ http://localhost:3000/_next/static/chunks/src_88339d._.js:424
[101775035ms] [LOG] [VERBOSE] [Fast Refresh] rebuilding  @ http://localhost:3000/_next/static/chunks/src_88339d._.js:424
[101777081ms] [LOG] [VERBOSE] [Fast Refresh] rebuilding  @ http://localhost:3000/_next/static/chunks/src_88339d._.js:424
[101799151ms] [LOG] [VERBOSE] [Fast Refresh] rebuilding  @ http://localhost:3000/_next/static/chunks/src_88339d._.js:424
[101799307ms] [LOG] [VERBOSE] [Fast Refresh] rebuilding  @ http://localhost:3000/_next/static/chunks/src_88339d._.js:424
[101799442ms] [LOG] [VERBOSE] [Fast Refresh] rebuilding  @ http://localhost:3000/_next/static/chunks/src_88339d._.js:424
[101799620ms] [LOG] [VERBOSE] [Fast Refresh] rebuilding  @ http://localhost:3000/_next/static/chunks/src_88339d._.js:424
[101799677ms] [LOG] [VERBOSE] [Fast Refresh] rebuilding  @ http://localhost:3000/_next/static/chunks/src_88339d._.js:424
[101801829ms] [LOG] [VERBOSE] [Fast Refresh] rebuilding  @ http://localhost:3000/_next/static/chunks/src_88339d._.js:424
[101802317ms] [LOG] [VERBOSE] [Fast Refresh] rebuilding  @ http://localhost:3000/_next/static/chunks/src_88339d._.js:424
[101802507ms] [LOG] [VERBOSE] [Fast Refresh] rebuilding  @ http://localhost:3000/_next/static/chunks/src_88339d._.js:424
[101802647ms] [LOG] [VERBOSE] [Fast Refresh] rebuilding  @ http://localhost:3000/_next/static/chunks/src_88339d._.js:424
[101802883ms] [LOG] [VERBOSE] [Fast Refresh] rebuilding  @ http://localhost:3000/_next/static/chunks/src_88339d._.js:424
[101802929ms] [LOG] [VERBOSE] [Fast Refresh] rebuilding  @ http://localhost:3000/_next/static/chunks/src_88339d._.js:424
[101805047ms] [LOG] [VERBOSE] [Fast Refresh] rebuilding  @ http://localhost:3000/_next/static/chunks/src_88339d._.js:424
[101829147ms] [LOG] [VERBOSE] [Fast Refresh] rebuilding  @ http://localhost:3000/_next/static/chunks/src_88339d._.js:424
[101829306ms] [LOG] [VERBOSE] [Fast Refresh] rebuilding  @ http://localhost:3000/_next/static/chunks/src_88339d._.js:424
[101829444ms] [LOG] [VERBOSE] [Fast Refresh] rebuilding  @ http://localhost:3000/_next/static/chunks/src_88339d._.js:424
[101829605ms] [LOG] [VERBOSE] [Fast Refresh] rebuilding  @ http://localhost:3000/_next/static/chunks/src_88339d._.js:424
[101829683ms] [LOG] [VERBOSE] [Fast Refresh] rebuilding  @ http://localhost:3000/_next/static/chunks/src_88339d._.js:424
[101831833ms] [LOG] [VERBOSE] [Fast Refresh] rebuilding  @ http://localhost:3000/_next/static/chunks/src_88339d._.js:424
[101832324ms] [LOG] [VERBOSE] [Fast Refresh] rebuilding  @ http://localhost:3000/_next/static/chunks/src_88339d._.js:424
[101832567ms] [LOG] [VERBOSE] [Fast Refresh] rebuilding  @ http://localhost:3000/_next/static/chunks/src_88339d._.js:424
[101832631ms] [LOG] [VERBOSE] [Fast Refresh] rebuilding  @ http://localhost:3000/_next/static/chunks/src_88339d._.js:424
[101832676ms] [LOG] [VERBOSE] [Fast Refresh] rebuilding  @ http://localhost:3000/_next/static/chunks/src_88339d._.js:424
[101832729ms] [LOG] [VERBOSE] [Fast Refresh] rebuilding  @ http://localhost:3000/_next/static/chunks/src_88339d._.js:424
[101832956ms] [LOG] [VERBOSE] [Fast Refresh] rebuilding  @ http://localhost:3000/_next/static/chunks/src_88339d._.js:424
[101835125ms] [LOG] [VERBOSE] [Fast Refresh] rebuilding  @ http://localhost:3000/_next/static/chunks/src_88339d._.js:424
[101837211ms] [LOG] [VERBOSE] [Fast Refresh] rebuilding  @ http://localhost:3000/_next/static/chunks/src_88339d._.js:424
[101859188ms] [LOG] [VERBOSE] [Fast Refresh] rebuilding  @ http://localhost:3000/_next/static/chunks/src_88339d._.js:424
[101859385ms] [LOG] [VERBOSE] [Fast Refresh] rebuilding  @ http://localhost:3000/_next/static/chunks/src_88339d._.js:424
[101859476ms] [LOG] [VERBOSE] [Fast Refresh] rebuilding  @ http://localhost:3000/_next/static/chunks/src_88339d._.js:424
[101859656ms] [LOG] [VERBOSE] [Fast Refresh] rebuilding  @ http://localhost:3000/_next/static/chunks/src_88339d._.js:424
[101859745ms] [LOG] [VERBOSE] [Fast Refresh] rebuilding  @ http://localhost:3000/_next/static/chunks/src_88339d._.js:424
[101861876ms] [LOG] [VERBOSE] [Fast Refresh] rebuilding  @ http://localhost:3000/_next/static/chunks/src_88339d._.js:424
[101863089ms] [LOG] [VERBOSE] [Fast Refresh] rebuilding  @ http://localhost:3000/_next/static/chunks/src_88339d._.js:424
[101863289ms] [LOG] [VERBOSE] [Fast Refresh] rebuilding  @ http://localhost:3000/_next/static/chunks/src_88339d._.js:424
[101863399ms] [LOG] [VERBOSE] [Fast Refresh] rebuilding  @ http://localhost:3000/_next/static/chunks/src_88339d._.js:424
[101863586ms] [LOG] [VERBOSE] [Fast Refresh] rebuilding  @ http://localhost:3000/_next/static/chunks/src_88339d._.js:424
[101863634ms] [LOG] [VERBOSE] [Fast Refresh] rebuilding  @ http://localhost:3000/_next/static/chunks/src_88339d._.js:424
[101865821ms] [LOG] [VERBOSE] [Fast Refresh] rebuilding  @ http://localhost:3000/_next/static/chunks/src_88339d._.js:424
[101868059ms] [LOG] [VERBOSE] [Fast Refresh] rebuilding  @ http://localhost:3000/_next/static/chunks/src_88339d._.js:424
[101889179ms] [LOG] [VERBOSE] [Fast Refresh] rebuilding  @ http://localhost:3000/_next/static/chunks/src_88339d._.js:424
[101889400ms] [LOG] [VERBOSE] [Fast Refresh] rebuilding  @ http://localhost:3000/_next/static/chunks/src_88339d._.js:424
[101889599ms] [LOG] [VERBOSE] [Fast Refresh] rebuilding  @ http://localhost:3000/_next/static/chunks/src_88339d._.js:424
[101889756ms] [LOG] [VERBOSE] [Fast Refresh] rebuilding  @ http://localhost:3000/_next/static/chunks/src_88339d._.js:424
[101889804ms] [LOG] [VERBOSE] [Fast Refresh] rebuilding  @ http://localhost:3000/_next/static/chunks/src_88339d._.js:424
[101891906ms] [LOG] [VERBOSE] [Fast Refresh] rebuilding  @ http://localhost:3000/_next/static/chunks/src_88339d._.js:424
[101893137ms] [LOG] [VERBOSE] [Fast Refresh] rebuilding  @ http://localhost:3000/_next/static/chunks/src_88339d._.js:424
[101893328ms] [LOG] [VERBOSE] [Fast Refresh] rebuilding  @ http://localhost:3000/_next/static/chunks/src_88339d._.js:424
[101893430ms] [LOG] [VERBOSE] [Fast Refresh] rebuilding  @ http://localhost:3000/_next/static/chunks/src_88339d._.js:424
[101893623ms] [LOG] [VERBOSE] [Fast Refresh] rebuilding  @ http://localhost:3000/_next/static/chunks/src_88339d._.js:424
[101895815ms] [LOG] [VERBOSE] [Fast Refresh] rebuilding  @ http://localhost:3000/_next/static/chunks/src_88339d._.js:424
[101919193ms] [LOG] [VERBOSE] [Fast Refresh] rebuilding  @ http://localhost:3000/_next/static/chunks/src_88339d._.js:424
[101919455ms] [LOG] [VERBOSE] [Fast Refresh] rebuilding  @ http://localhost:3000/_next/static/chunks/src_88339d._.js:424
[101919541ms] [LOG] [VERBOSE] [Fast Refresh] rebuilding  @ http://localhost:3000/_next/static/chunks/src_88339d._.js:424
[101919733ms] [LOG] [VERBOSE] [Fast Refresh] rebuilding  @ http://localhost:3000/_next/static/chunks/src_88339d._.js:424
[101919813ms] [LOG] [VERBOSE] [Fast Refresh] rebuilding  @ http://localhost:3000/_next/static/chunks/src_88339d._.js:424
[101921941ms] [LOG] [VERBOSE] [Fast Refresh] rebuilding  @ http://localhost:3000/_next/static/chunks/src_88339d._.js:424
[101933159ms] [LOG] [VERBOSE] [Fast Refresh] rebuilding  @ http://localhost:3000/_next/static/chunks/src_88339d._.js:424
[101933430ms] [LOG] [VERBOSE] [Fast Refresh] rebuilding  @ http://localhost:3000/_next/static/chunks/src_88339d._.js:424
[101933522ms] [LOG] [VERBOSE] [Fast Refresh] rebuilding  @ http://localhost:3000/_next/static/chunks/src_88339d._.js:424
[101933782ms] [LOG] [VERBOSE] [Fast Refresh] rebuilding  @ http://localhost:3000/_next/static/chunks/src_88339d._.js:424
[101933931ms] [LOG] [VERBOSE] [Fast Refresh] rebuilding  @ http://localhost:3000/_next/static/chunks/src_88339d._.js:424
[101935932ms] [LOG] [VERBOSE] [Fast Refresh] rebuilding  @ http://localhost:3000/_next/static/chunks/src_88339d._.js:424
[101949165ms] [LOG] [VERBOSE] [Fast Refresh] rebuilding  @ http://localhost:3000/_next/static/chunks/src_88339d._.js:424
[101949379ms] [LOG] [VERBOSE] [Fast Refresh] rebuilding  @ http://localhost:3000/_next/static/chunks/src_88339d._.js:424
[101949443ms] [LOG] [VERBOSE] [Fast Refresh] rebuilding  @ http://localhost:3000/_next/static/chunks/src_88339d._.js:424
[101949494ms] [LOG] [VERBOSE] [Fast Refresh] rebuilding  @ http://localhost:3000/_next/static/chunks/src_88339d._.js:424
[101949643ms] [LOG] [VERBOSE] [Fast Refresh] rebuilding  @ http://localhost:3000/_next/static/chunks/src_88339d._.js:424
[101949725ms] [LOG] [VERBOSE] [Fast Refresh] rebuilding  @ http://localhost:3000/_next/static/chunks/src_88339d._.js:424
[101951916ms] [LOG] [VERBOSE] [Fast Refresh] rebuilding  @ http://localhost:3000/_next/static/chunks/src_88339d._.js:424
[101979660ms] [LOG] [VERBOSE] [Fast Refresh] rebuilding  @ http://localhost:3000/_next/static/chunks/src_88339d._.js:424
[101980773ms] [LOG] [VERBOSE] [Fast Refresh] rebuilding  @ http://localhost:3000/_next/static/chunks/src_88339d._.js:424
[101980901ms] [LOG] [VERBOSE] [Fast Refresh] rebuilding  @ http://localhost:3000/_next/static/chunks/src_88339d._.js:424
[101980994ms] [LOG] [VERBOSE] [Fast Refresh] rebuilding  @ http://localhost:3000/_next/static/chunks/src_88339d._.js:424
[101981023ms] [LOG] [VERBOSE] [Fast Refresh] rebuilding  @ http://localhost:3000/_next/static/chunks/src_88339d._.js:424
[101981265ms] [LOG] [VERBOSE] [Fast Refresh] rebuilding  @ http://localhost:3000/_next/static/chunks/src_88339d._.js:424
[101981736ms] [LOG] [VERBOSE] [Fast Refresh] rebuilding  @ http://localhost:3000/_next/static/chunks/src_88339d._.js:424
[101981808ms] [LOG] [VERBOSE] [Fast Refresh] rebuilding  @ http://localhost:3000/_next/static/chunks/src_88339d._.js:424
[101981926ms] [LOG] [VERBOSE] [Fast Refresh] rebuilding  @ http://localhost:3000/_next/static/chunks/src_88339d._.js:424
[101984340ms] [LOG] [VERBOSE] [Fast Refresh] rebuilding  @ http://localhost:3000/_next/static/chunks/src_88339d._.js:424
[101994176ms] [LOG] [VERBOSE] [Fast Refresh] rebuilding  @ http://localhost:3000/_next/static/chunks/src_88339d._.js:424
[101994553ms] [LOG] [VERBOSE] [Fast Refresh] rebuilding  @ http://localhost:3000/_next/static/chunks/src_88339d._.js:424
[101994613ms] [LOG] [VERBOSE] [Fast Refresh] rebuilding  @ http://localhost:3000/_next/static/chunks/src_88339d._.js:424
[101994720ms] [LOG] [VERBOSE] [Fast Refresh] rebuilding  @ http://localhost:3000/_next/static/chunks/src_88339d._.js:424
[101995027ms] [LOG] [VERBOSE] [Fast Refresh] rebuilding  @ http://localhost:3000/_next/static/chunks/src_88339d._.js:424
[101995138ms] [LOG] [VERBOSE] [Fast Refresh] rebuilding  @ http://localhost:3000/_next/static/chunks/src_88339d._.js:424
[101997379ms] [LOG] [VERBOSE] [Fast Refresh] rebuilding  @ http://localhost:3000/_next/static/chunks/src_88339d._.js:424
[102000069ms] [LOG] [VERBOSE] [Fast Refresh] rebuilding  @ http://localhost:3000/_next/static/chunks/src_88339d._.js:424
[102009109ms] [LOG] [VERBOSE] [Fast Refresh] rebuilding  @ http://localhost:3000/_next/static/chunks/src_88339d._.js:424
[102009217ms] [LOG] [VERBOSE] [Fast Refresh] rebuilding  @ http://localhost:3000/_next/static/chunks/src_88339d._.js:424
[102009376ms] [LOG] [VERBOSE] [Fast Refresh] rebuilding  @ http://localhost:3000/_next/static/chunks/src_88339d._.js:424
[102009492ms] [LOG] [VERBOSE] [Fast Refresh] rebuilding  @ http://localhost:3000/_next/static/chunks/src_88339d._.js:424
[102011503ms] [LOG] [VERBOSE] [Fast Refresh] rebuilding  @ http://localhost:3000/_next/static/chunks/src_88339d._.js:424
[102028231ms] [LOG] [VERBOSE] [Fast Refresh] rebuilding  @ http://localhost:3000/_next/static/chunks/src_88339d._.js:424
[102028561ms] [LOG] [VERBOSE] [Fast Refresh] rebuilding  @ http://localhost:3000/_next/static/chunks/src_88339d._.js:424
[102028652ms] [LOG] [VERBOSE] [Fast Refresh] rebuilding  @ http://localhost:3000/_next/static/chunks/src_88339d._.js:424
[102029036ms] [LOG] [VERBOSE] [Fast Refresh] rebuilding  @ http://localhost:3000/_next/static/chunks/src_88339d._.js:424
[102033584ms] [LOG] [VERBOSE] [Fast Refresh] rebuilding  @ http://localhost:3000/_next/static/chunks/src_88339d._.js:424
[102033704ms] [LOG] [VERBOSE] [Fast Refresh] rebuilding  @ http://localhost:3000/_next/static/chunks/src_88339d._.js:424
[102033807ms] [LOG] [VERBOSE] [Fast Refresh] rebuilding  @ http://localhost:3000/_next/static/chunks/src_88339d._.js:424
[102033911ms] [LOG] [VERBOSE] [Fast Refresh] rebuilding  @ http://localhost:3000/_next/static/chunks/src_88339d._.js:424
[102034018ms] [LOG] [VERBOSE] [Fast Refresh] rebuilding  @ http://localhost:3000/_next/static/chunks/src_88339d._.js:424
[102034111ms] [LOG] [VERBOSE] [Fast Refresh] rebuilding  @ http://localhost:3000/_next/static/chunks/src_88339d._.js:424
[102034313ms] [LOG] [VERBOSE] [Fast Refresh] rebuilding  @ http://localhost:3000/_next/static/chunks/src_88339d._.js:424
[102034459ms] [LOG] [VERBOSE] [Fast Refresh] rebuilding  @ http://localhost:3000/_next/static/chunks/src_88339d._.js:424
[102034604ms] [LOG] [VERBOSE] [Fast Refresh] rebuilding  @ http://localhost:3000/_next/static/chunks/src_88339d._.js:424
[102034658ms] [LOG] [VERBOSE] [Fast Refresh] rebuilding  @ http://localhost:3000/_next/static/chunks/src_88339d._.js:424
[102034715ms] [LOG] [VERBOSE] [Fast Refresh] rebuilding  @ http://localhost:3000/_next/static/chunks/src_88339d._.js:424
[102039116ms] [LOG] [VERBOSE] [Fast Refresh] rebuilding  @ http://localhost:3000/_next/static/chunks/src_88339d._.js:424
[102039193ms] [LOG] [VERBOSE] [Fast Refresh] rebuilding  @ http://localhost:3000/_next/static/chunks/src_88339d._.js:424
[102039254ms] [LOG] [VERBOSE] [Fast Refresh] rebuilding  @ http://localhost:3000/_next/static/chunks/src_88339d._.js:424
[102039388ms] [LOG] [VERBOSE] [Fast Refresh] rebuilding  @ http://localhost:3000/_next/static/chunks/src_88339d._.js:424
[102041474ms] [LOG] [VERBOSE] [Fast Refresh] rebuilding  @ http://localhost:3000/_next/static/chunks/src_88339d._.js:424
[102053064ms] [LOG] [VERBOSE] [Fast Refresh] rebuilding  @ http://localhost:3000/_next/static/chunks/src_88339d._.js:424
[102053282ms] [LOG] [VERBOSE] [Fast Refresh] rebuilding  @ http://localhost:3000/_next/static/chunks/src_88339d._.js:424
[102053399ms] [LOG] [VERBOSE] [Fast Refresh] rebuilding  @ http://localhost:3000/_next/static/chunks/src_88339d._.js:424
[102053523ms] [LOG] [VERBOSE] [Fast Refresh] rebuilding  @ http://localhost:3000/_next/static/chunks/src_88339d._.js:424
[102055523ms] [LOG] [VERBOSE] [Fast Refresh] rebuilding  @ http://localhost:3000/_next/static/chunks/src_88339d._.js:424
[102057725ms] [LOG] [VERBOSE] [Fast Refresh] rebuilding  @ http://localhost:3000/_next/static/chunks/src_88339d._.js:424
[102069120ms] [LOG] [VERBOSE] [Fast Refresh] rebuilding  @ http://localhost:3000/_next/static/chunks/src_88339d._.js:424
[102069340ms] [LOG] [VERBOSE] [Fast Refresh] rebuilding  @ http://localhost:3000/_next/static/chunks/src_88339d._.js:424
[102069471ms] [LOG] [VERBOSE] [Fast Refresh] rebuilding  @ http://localhost:3000/_next/static/chunks/src_88339d._.js:424
[102069688ms] [LOG] [VERBOSE] [Fast Refresh] rebuilding  @ http://localhost:3000/_next/static/chunks/src_88339d._.js:424
[102069848ms] [LOG] [VERBOSE] [Fast Refresh] rebuilding  @ http://localhost:3000/_next/static/chunks/src_88339d._.js:424
[102070421ms] [INFO] %cDownload the React DevTools for a better development experience: https://react.dev/link/react-devtools font-weight:bold @ http://localhost:3000/_next/static/chunks/node_modules_next_dist_compiled_react-dom_1f56dc._.js:13948
[102070488ms] [WARNING] Image with src "/EllipseBg.svg" has legacy prop "layout". Did you forget to run the codemod?
Read more: https://nextjs.org/docs/messages/next-image-upgrade-to-13 @ http://localhost:3000/_next/static/chunks/node_modules_next_dist_4bb10e._.js:638
[102070507ms] [LOG] [VERBOSE] Idle timer set for 5 minutes  @ http://localhost:3000/_next/static/chunks/src_88339d._.js:424
[102070523ms] [WARNING] [WARN] Image with src "http://localhost:3000/logos/gil_logo.svg" has either width or height modified, but not the other. If you use CSS to change the size of your image, also include the styles 'width: "auto"' or 'height: "auto"' to maintain the aspect ratio.  @ http://localhost:3000/_next/static/chunks/src_88339d._.js:453
[102070570ms] [LOG] [VERBOSE] [Fast Refresh] rebuilding  @ http://localhost:3000/_next/static/chunks/src_88339d._.js:424
[102070755ms] [LOG] [VERBOSE] [Fast Refresh] rebuilding  @ http://localhost:3000/_next/static/chunks/src_88339d._.js:424
[102070861ms] [LOG] [VERBOSE] [Fast Refresh] rebuilding  @ http://localhost:3000/_next/static/chunks/src_88339d._.js:424
[102070963ms] [LOG] [VERBOSE] [Fast Refresh] rebuilding  @ http://localhost:3000/_next/static/chunks/src_88339d._.js:424
[102072976ms] [LOG] [VERBOSE] [Fast Refresh] rebuilding  @ http://localhost:3000/_next/static/chunks/src_88339d._.js:424
[102073049ms] [LOG] [VERBOSE] [Fast Refresh] rebuilding  @ http://localhost:3000/_next/static/chunks/src_88339d._.js:424
[102073204ms] [LOG] [VERBOSE] [Fast Refresh] rebuilding  @ http://localhost:3000/_next/static/chunks/src_88339d._.js:424
[102073318ms] [LOG] [VERBOSE] [Fast Refresh] rebuilding  @ http://localhost:3000/_next/static/chunks/src_88339d._.js:424
[102073501ms] [LOG] [VERBOSE] [Fast Refresh] rebuilding  @ http://localhost:3000/_next/static/chunks/src_88339d._.js:424
[102075634ms] [LOG] [VERBOSE] [Fast Refresh] rebuilding  @ http://localhost:3000/_next/static/chunks/src_88339d._.js:424
[102077819ms] [LOG] [VERBOSE] [Fast Refresh] rebuilding  @ http://localhost:3000/_next/static/chunks/src_88339d._.js:424
[102100546ms] [LOG] [VERBOSE] [Fast Refresh] rebuilding  @ http://localhost:3000/_next/static/chunks/src_88339d._.js:424
[102100632ms] [LOG] [VERBOSE] [Fast Refresh] rebuilding  @ http://localhost:3000/_next/static/chunks/src_88339d._.js:424
[102100695ms] [LOG] [VERBOSE] [Fast Refresh] rebuilding  @ http://localhost:3000/_next/static/chunks/src_88339d._.js:424
[102100839ms] [LOG] [VERBOSE] [Fast Refresh] rebuilding  @ http://localhost:3000/_next/static/chunks/src_88339d._.js:424
[102100975ms] [LOG] [VERBOSE] [Fast Refresh] rebuilding  @ http://localhost:3000/_next/static/chunks/src_88339d._.js:424
[102102991ms] [LOG] [VERBOSE] [Fast Refresh] rebuilding  @ http://localhost:3000/_next/static/chunks/src_88339d._.js:424
[102103037ms] [LOG] [VERBOSE] [Fast Refresh] rebuilding  @ http://localhost:3000/_next/static/chunks/src_88339d._.js:424
[102103222ms] [LOG] [VERBOSE] [Fast Refresh] rebuilding  @ http://localhost:3000/_next/static/chunks/src_88339d._.js:424
[102103269ms] [LOG] [VERBOSE] [Fast Refresh] rebuilding  @ http://localhost:3000/_next/static/chunks/src_88339d._.js:424
[102103409ms] [LOG] [VERBOSE] [Fast Refresh] rebuilding  @ http://localhost:3000/_next/static/chunks/src_88339d._.js:424
[102105482ms] [LOG] [VERBOSE] [Fast Refresh] rebuilding  @ http://localhost:3000/_next/static/chunks/src_88339d._.js:424
[102108095ms] [LOG] [VERBOSE] [Fast Refresh] rebuilding  @ http://localhost:3000/_next/static/chunks/src_88339d._.js:424
[102130532ms] [LOG] [VERBOSE] [Fast Refresh] rebuilding  @ http://localhost:3000/_next/static/chunks/src_88339d._.js:424
[102130720ms] [LOG] [VERBOSE] [Fast Refresh] rebuilding  @ http://localhost:3000/_next/static/chunks/src_88339d._.js:424
[102130785ms] [LOG] [VERBOSE] [Fast Refresh] rebuilding  @ http://localhost:3000/_next/static/chunks/src_88339d._.js:424
[102130942ms] [LOG] [VERBOSE] [Fast Refresh] rebuilding  @ http://localhost:3000/_next/static/chunks/src_88339d._.js:424
[102131014ms] [LOG] [VERBOSE] [Fast Refresh] rebuilding  @ http://localhost:3000/_next/static/chunks/src_88339d._.js:424
[102131076ms] [LOG] [VERBOSE] [Fast Refresh] rebuilding  @ http://localhost:3000/_next/static/chunks/src_88339d._.js:424
[102131230ms] [LOG] [VERBOSE] [Fast Refresh] rebuilding  @ http://localhost:3000/_next/static/chunks/src_88339d._.js:424
[102133228ms] [LOG] [VERBOSE] [Fast Refresh] rebuilding  @ http://localhost:3000/_next/static/chunks/src_88339d._.js:424
[102160569ms] [LOG] [VERBOSE] [Fast Refresh] rebuilding  @ http://localhost:3000/_next/static/chunks/src_88339d._.js:424
[102160810ms] [LOG] [VERBOSE] [Fast Refresh] rebuilding  @ http://localhost:3000/_next/static/chunks/src_88339d._.js:424
[102160876ms] [LOG] [VERBOSE] [Fast Refresh] rebuilding  @ http://localhost:3000/_next/static/chunks/src_88339d._.js:424
[102160935ms] [LOG] [VERBOSE] [Fast Refresh] rebuilding  @ http://localhost:3000/_next/static/chunks/src_88339d._.js:424
[102161111ms] [LOG] [VERBOSE] [Fast Refresh] rebuilding  @ http://localhost:3000/_next/static/chunks/src_88339d._.js:424
[102161215ms] [LOG] [VERBOSE] [Fast Refresh] rebuilding  @ http://localhost:3000/_next/static/chunks/src_88339d._.js:424
[102163410ms] [LOG] [VERBOSE] [Fast Refresh] rebuilding  @ http://localhost:3000/_next/static/chunks/src_88339d._.js:424
[102173265ms] [LOG] [VERBOSE] [Fast Refresh] rebuilding  @ http://localhost:3000/_next/static/chunks/src_88339d._.js:424
[102173522ms] [LOG] [VERBOSE] [Fast Refresh] rebuilding  @ http://localhost:3000/_next/static/chunks/src_88339d._.js:424
[102173614ms] [LOG] [VERBOSE] [Fast Refresh] rebuilding  @ http://localhost:3000/_next/static/chunks/src_88339d._.js:424
[102173904ms] [LOG] [VERBOSE] [Fast Refresh] rebuilding  @ http://localhost:3000/_next/static/chunks/src_88339d._.js:424
[102174164ms] [LOG] [VERBOSE] [Fast Refresh] rebuilding  @ http://localhost:3000/_next/static/chunks/src_88339d._.js:424
[102176142ms] [LOG] [VERBOSE] [Fast Refresh] rebuilding  @ http://localhost:3000/_next/static/chunks/src_88339d._.js:424
[102181812ms] [LOG] [VERBOSE] [Fast Refresh] rebuilding  @ http://localhost:3000/_next/static/chunks/src_88339d._.js:424
[102190558ms] [LOG] [VERBOSE] [Fast Refresh] rebuilding  @ http://localhost:3000/_next/static/chunks/src_88339d._.js:424
[102190730ms] [LOG] [VERBOSE] [Fast Refresh] rebuilding  @ http://localhost:3000/_next/static/chunks/src_88339d._.js:424
[102190793ms] [LOG] [VERBOSE] [Fast Refresh] rebuilding  @ http://localhost:3000/_next/static/chunks/src_88339d._.js:424
[102190954ms] [LOG] [VERBOSE] [Fast Refresh] rebuilding  @ http://localhost:3000/_next/static/chunks/src_88339d._.js:424
[102191184ms] [LOG] [VERBOSE] [Fast Refresh] rebuilding  @ http://localhost:3000/_next/static/chunks/src_88339d._.js:424
[102193436ms] [LOG] [VERBOSE] [Fast Refresh] rebuilding  @ http://localhost:3000/_next/static/chunks/src_88339d._.js:424
[102220543ms] [LOG] [VERBOSE] [Fast Refresh] rebuilding  @ http://localhost:3000/_next/static/chunks/src_88339d._.js:424
[102220705ms] [LOG] [VERBOSE] [Fast Refresh] rebuilding  @ http://localhost:3000/_next/static/chunks/src_88339d._.js:424
[102220864ms] [LOG] [VERBOSE] [Fast Refresh] rebuilding  @ http://localhost:3000/_next/static/chunks/src_88339d._.js:424
[102220910ms] [LOG] [VERBOSE] [Fast Refresh] rebuilding  @ http://localhost:3000/_next/static/chunks/src_88339d._.js:424
[102221254ms] [LOG] [VERBOSE] [Fast Refresh] rebuilding  @ http://localhost:3000/_next/static/chunks/src_88339d._.js:424
[102221368ms] [LOG] [VERBOSE] [Fast Refresh] rebuilding  @ http://localhost:3000/_next/static/chunks/src_88339d._.js:424
[102223517ms] [LOG] [VERBOSE] [Fast Refresh] rebuilding  @ http://localhost:3000/_next/static/chunks/src_88339d._.js:424
[102233079ms] [LOG] [VERBOSE] [Fast Refresh] rebuilding  @ http://localhost:3000/_next/static/chunks/src_88339d._.js:424
[102233348ms] [LOG] [VERBOSE] [Fast Refresh] rebuilding  @ http://localhost:3000/_next/static/chunks/src_88339d._.js:424
[102233433ms] [LOG] [VERBOSE] [Fast Refresh] rebuilding  @ http://localhost:3000/_next/static/chunks/src_88339d._.js:424
[102233498ms] [LOG] [VERBOSE] [Fast Refresh] rebuilding  @ http://localhost:3000/_next/static/chunks/src_88339d._.js:424
[102233751ms] [LOG] [VERBOSE] [Fast Refresh] rebuilding  @ http://localhost:3000/_next/static/chunks/src_88339d._.js:424
[102235961ms] [LOG] [VERBOSE] [Fast Refresh] rebuilding  @ http://localhost:3000/_next/static/chunks/src_88339d._.js:424
[102239027ms] [LOG] [VERBOSE] [Fast Refresh] rebuilding  @ http://localhost:3000/_next/static/chunks/src_88339d._.js:424
[102250542ms] [LOG] [VERBOSE] [Fast Refresh] rebuilding  @ http://localhost:3000/_next/static/chunks/src_88339d._.js:424
[102250764ms] [LOG] [VERBOSE] [Fast Refresh] rebuilding  @ http://localhost:3000/_next/static/chunks/src_88339d._.js:424
[102250957ms] [LOG] [VERBOSE] [Fast Refresh] rebuilding  @ http://localhost:3000/_next/static/chunks/src_88339d._.js:424
[102251166ms] [LOG] [VERBOSE] [Fast Refresh] rebuilding  @ http://localhost:3000/_next/static/chunks/src_88339d._.js:424
[102253173ms] [LOG] [VERBOSE] [Fast Refresh] rebuilding  @ http://localhost:3000/_next/static/chunks/src_88339d._.js:424
[102280525ms] [LOG] [VERBOSE] [Fast Refresh] rebuilding  @ http://localhost:3000/_next/static/chunks/src_88339d._.js:424
[102280640ms] [LOG] [VERBOSE] [Fast Refresh] rebuilding  @ http://localhost:3000/_next/static/chunks/src_88339d._.js:424
[102280736ms] [LOG] [VERBOSE] [Fast Refresh] rebuilding  @ http://localhost:3000/_next/static/chunks/src_88339d._.js:424
[102280804ms] [LOG] [VERBOSE] [Fast Refresh] rebuilding  @ http://localhost:3000/_next/static/chunks/src_88339d._.js:424
[102282820ms] [LOG] [VERBOSE] [Fast Refresh] rebuilding  @ http://localhost:3000/_next/static/chunks/src_88339d._.js:424
[102293045ms] [LOG] [VERBOSE] [Fast Refresh] rebuilding  @ http://localhost:3000/_next/static/chunks/src_88339d._.js:424
[102293153ms] [LOG] [VERBOSE] [Fast Refresh] rebuilding  @ http://localhost:3000/_next/static/chunks/src_88339d._.js:424
[102293465ms] [LOG] [VERBOSE] [Fast Refresh] rebuilding  @ http://localhost:3000/_next/static/chunks/src_88339d._.js:424
[102295466ms] [LOG] [VERBOSE] [Fast Refresh] rebuilding  @ http://localhost:3000/_next/static/chunks/src_88339d._.js:424
[102297522ms] [LOG] [VERBOSE] [Fast Refresh] rebuilding  @ http://localhost:3000/_next/static/chunks/src_88339d._.js:424
[102310534ms] [LOG] [VERBOSE] [Fast Refresh] rebuilding  @ http://localhost:3000/_next/static/chunks/src_88339d._.js:424
[102310665ms] [LOG] [VERBOSE] [Fast Refresh] rebuilding  @ http://localhost:3000/_next/static/chunks/src_88339d._.js:424
[102310787ms] [LOG] [VERBOSE] [Fast Refresh] rebuilding  @ http://localhost:3000/_next/static/chunks/src_88339d._.js:424
[102312882ms] [LOG] [VERBOSE] [Fast Refresh] rebuilding  @ http://localhost:3000/_next/static/chunks/src_88339d._.js:424
